date,weekday,week_number,month,post_slot,camera,camera_submode,format,look,scene_type,cast,sibling_canon,concept,prompt_seed,caption_type,caption,product,product_sku,seasonal_hook,notes
2026-09-11,Friday,37,September,fri,Camera A,HANDED,9:16,AVAILABLE,HEIGHTENED,ROULEUR,STAIRWELL,Rare height or space without spectacle.,"[Camera A HANDED 9:16, phone documentary] + [SILVER] + [phone wide ~24mm equivalent, deep focus, HDR processing, edge distortion, over-sharpening; HDR, lens distortion, over-sharpening, slight tilt] + [rouleur paused on landing, city below soft, breath visible] + [worn Rapha jersey under open gilet, grease-marked gloves] + [dawn overlook above city] + [distant tram light, breath vapour, fog on railing, loose lace] + [cool silver ambient, fluorescent or overcast] + [subject cropped mid-torso awkwardly] + no one looking at camera, no posing, no logos on footwear, documentary photograph not advertising",place,"late summer road, still warm at dusk.",no,,late summer heat still in training; UCI Road Worlds Montreal atmosphere distant,rare height; keep non-spectacle
2026-09-12,Saturday,37,September,sat,Camera A,POV,4:5,AVAILABLE,PROOF,ROULEUR,BOXER CROP,Quiet evidence of the week written down.,"[Camera B 4:5, still photographer, sibling feel BOXER CROP] + [SILVER] + [35mm or 50mm, shallow mid depth, desaturated cool silver grade] + [rouleur logging numbers, head down, pen moving] + [worn Rapha jersey under open gilet, grease-marked gloves] + [printed week plan taped to fridge] + [old pace printout, torn race bib edge, coffee ring stain, pen uncapped] + [cool silver ambient, fluorescent or overcast] + [focus soft on nearest plane] + no one looking at camera, no posing, no logos on footwear, documentary photograph not advertising",log,session logged. nothing else to say.,no,,late summer heat still in training; UCI Road Worlds Montreal atmosphere distant,
2026-09-14,Monday,38,September,mon,Camera B,,1:1,SILVER,SWEAT,GRAPPLER,BETWEEN ROUNDS,"Interval residue: wet floor, unfinished set.","[Camera B 1:1, still photographer, sibling feel BETWEEN ROUNDS] + [SILVER] + [35mm or 50mm, shallow mid depth, desaturated cool silver grade] + [grappler mid-interval, breathing hard, unfinished rep] + [damp gi pants half-on, rashguard rolled, chalk on knuckles] + [basement gym Zurich] + [towel knotted, chalk block cracked, water bottle on side, HR strap dangling] + [cool silver ambient, fluorescent or overcast] + [focus soft on nearest plane] + no one looking at camera, no posing, no logos on footwear, documentary photograph not advertising",flat observation,the floor stays wet longer than it should.,no,,late summer heat still in training; UCI Road Worlds Montreal atmosphere distant,
2026-09-15,Tuesday,38,September,tue,Camera B,,1:1,SILVER,SWEAT,ROULEUR,BETWEEN ROUNDS,Mid-session breath catch with no hero angle.,"[Camera B 1:1, still photographer, sibling feel BETWEEN ROUNDS] + [SILVER] + [35mm or 50mm, shallow mid depth, desaturated cool silver grade] + [rouleur mid-interval, breathing hard, unfinished rep] + [worn Rapha jersey under open gilet, grease-marked gloves] + [basement gym Zurich] + [towel knotted, chalk block cracked, HR strap dangling, water bottle on side] + [cool silver ambient, fluorescent or overcast] + [focus soft on nearest plane] + no one looking at camera, no posing, no logos on footwear, documentary photograph not advertising",flat observation,tape peel left on the bench.,no,,late summer heat still in training; UCI Road Worlds Montreal atmosphere distant,
2026-09-17,Thursday,38,September,thu,Camera B,,4:5,SEAMLESS,OBJECT,GRAPPLER,COAST,"Quiet vial study; no administration, no claim.","[Camera B 4:5, still photographer, sibling feel COAST] + [SEAMLESS] + [85mm macro-ish, soft north light, seamless depth] + [product vial alone on seamless, no hands, no face] + [damp gi pants half-on, rashguard rolled, chalk on knuckles] + [matte grey product surface] + [vial reflection soft, glass glint, label edge soft focus, cotton swab nearby] + [soft north window, even seamless fill] + [negative space uneven, subject off-third] + no one looking at camera, no posing, no logos on footwear, product as quiet object subject, documentary photograph not advertising",flat observation,glass on seamless. nothing else in frame.,yes,SEMAX+,late summer heat still in training; UCI Road Worlds Montreal atmosphere distant,composite vial after; Magnific board; never generate vial
2026-09-18,Friday,38,September,fri,Camera B,,4:5,SEAMLESS,OBJECT,OPERATOR,COUNTER,"Product as still object on seamless, lifestyle world elsewhere.","[Camera A SELF 9:16, phone documentary] + [SEAMLESS] + [phone wide ~24mm equivalent, deep focus, HDR processing, edge distortion, over-sharpening; HDR, lens distortion, over-sharpening, slight tilt] + [product vial alone on seamless, no hands, no face] + [utility pants, black base layer, tape on one finger] + [window ledge soft north light] + [glass glint, label edge soft focus, vial reflection soft, cotton swab nearby] + [soft north window, even seamless fill] + [oversharpened fabric texture, phone processing artifacts] + no one looking at camera, no posing, no logos on footwear, product as quiet object subject, documentary photograph not advertising",flat observation,glass on seamless. nothing else in frame.,yes,MOTS-C+,late summer heat still in training; UCI Road Worlds Montreal atmosphere distant,composite vial after; Magnific board; never generate vial
2026-09-19,Saturday,38,September,sat,Camera A,,landscape_kitchen,AVAILABLE,KITCHEN,GRAPPLER,COUNTER,"Fuel as routine, not content cuisine.","[Camera A landscape landscape_kitchen, phone documentary] + [AVAILABLE] + [phone wide ~24mm equivalent, deep focus, HDR processing, edge distortion, over-sharpening; HDR, lens distortion, over-sharpening, slight tilt] + [grappler plating plain food, kettle steam, no smile] + [damp gi pants half-on, rashguard rolled, chalk on knuckles] + [morning prep island] + [cut lemon half, rice cooker lid ajar, protein scoop in sink, shopping list magnet] + [mixed available light, practical lamps, window spill] + [oversharpened fabric texture, phone processing artifacts] + no one looking at camera, no posing, no logos on footwear, documentary photograph not advertising",kitchen,fruit bowl empties faster in heat.,no,,late summer heat still in training; UCI Road Worlds Montreal atmosphere distant,
2026-09-21,Monday,39,September,mon,Camera B,,4:5,SILVER,GYM,GRAPPLER,GRAPPLE,Hardware and chalk without a PR face.,"[Camera B 4:5, still photographer, sibling feel GRAPPLE] + [SILVER] + [35mm or 50mm, shallow mid depth, desaturated cool silver grade] + [grappler between sets, hands on knees, empty bay] + [damp gi pants half-on, rashguard rolled, chalk on knuckles] + [sled lane after last pull] + [timer blinking, jump rope coiled wrong, wrist wraps draped, bumper plate on edge] + [cool silver ambient, fluorescent or overcast] + [flare streak cutting face out of frame] + no one looking at camera, no posing, no logos on footwear, documentary photograph not advertising",place,changing room after heat.,no,,UCI Road Worlds Montreal week atmosphere; MTB marathon season ending,
2026-09-22,Tuesday,39,September,tue,Camera B,,1:1,SILVER,GYM,FIGHTER,GRAPPLE,Hardware and chalk without a PR face.,"[Camera B 1:1, still photographer, sibling feel GRAPPLE] + [SILVER] + [35mm or 50mm, shallow mid depth, desaturated cool silver grade] + [fighter between sets, hands on knees, empty bay] + [cut-sleeve hoodie, hand-wrap residue, scuffed Nike Metcons] + [cable rack corner] + [timer blinking, jump rope coiled wrong, bumper plate on edge, wrist wraps draped] + [cool silver ambient, fluorescent or overcast] + [depth falloff too abrupt mid-body] + no one looking at camera, no posing, no logos on footwear, documentary photograph not advertising",place,"basement gym, zurich. same smell as always.",no,,UCI Road Worlds Montreal week atmosphere; MTB marathon season ending,
2026-09-24,Thursday,39,September,thu,Camera A,POV,4:5,AVAILABLE,PROOF,MILER,BOXER CROP,Numbers before narrative; log first.,"[Camera B 2.39:1, still photographer, sibling feel BOXER CROP] + [SILVER] + [35mm or 50mm, shallow mid depth, desaturated cool silver grade] + [miler logging numbers, head down, pen moving] + [faded Asics singlet, chalk-dusted shorts, mismatched socks] + [kitchen counter with notebook] + [coffee ring stain, old pace printout, pen uncapped, torn race bib edge] + [cool silver ambient, fluorescent or overcast] + [flare streak cutting face out of frame] + no one looking at camera, no posing, no logos on footwear, documentary photograph not advertising",log,worlds week somewhere else. same intervals here.,yes,GHK-CU+,UCI Road Worlds Montreal week atmosphere; MTB marathon season ending,product peripheral only; lifestyle-first
2026-09-25,Friday,39,September,fri,Camera A,,landscape_kitchen,AVAILABLE,KITCHEN,GRAPPLER,COUNTER,Steam and lists; kitchen as base camp.,"[Camera A landscape landscape_kitchen, phone documentary] + [GOLD HOUR] + [phone wide ~24mm equivalent, deep focus, HDR processing, edge distortion, over-sharpening; HDR, lens distortion, over-sharpening, slight tilt] + [grappler plating plain food, kettle steam, no smile] + [damp gi pants half-on, rashguard rolled, chalk on knuckles] + [shared training house counter] + [protein scoop in sink, cut lemon half, rice cooker lid ajar, shopping list magnet] + [low warm sun, long shadows, rare probation use] + [slight dutch tilt, horizon not level] + no one looking at camera, no posing, no logos on footwear, documentary photograph not advertising",kitchen,"rice, eggs, greens. no plating speech.",no,,UCI Road Worlds Montreal week atmosphere; MTB marathon season ending,
2026-09-26,Saturday,39,September,sat,Camera A,POV,4:5,FLAT GREY,SMEAR,OPERATOR,MIRROR,Colour and weather left on the body and glass.,"[Camera A POV 4:5, phone documentary] + [FLAT GREY] + [phone wide ~24mm equivalent, deep focus, HDR processing, edge distortion, over-sharpening; HDR, lens distortion, over-sharpening, slight tilt] + [operator moving through wet or chalked space, smear in foreground] + [utility pants, black base layer, tape on one finger] + [red chalk smear on floor] + [rain on camera glass, glove left behind, tape peel, mud streak on shin] + [overcast flat grey, no drama] + [oversharpened fabric texture, phone processing artifacts] + no one looking at camera, no posing, no logos on footwear, documentary photograph not advertising",flat observation,asphalt holds the day longer.,no,,UCI Road Worlds Montreal week atmosphere; MTB marathon season ending,
2026-09-28,Monday,40,September,mon,Camera A,POV,9:16,FLAT GREY,ROAD,GRAPPLER,AISLE,"Longer autumn or winter roll, no podium.","[Camera A POV 9:16, phone documentary] + [FLAT GREY] + [phone wide ~24mm equivalent, deep focus, HDR processing, edge distortion, over-sharpening; HDR, lens distortion, over-sharpening, slight tilt] + [grappler climbing or rolling, gaze ahead, traffic blur] + [damp gi pants half-on, rashguard rolled, chalk on knuckles] + [Limmatquai dawn] + [flat tire mark, bidon in gutter, map print wet, muddy cleat scrape] + [overcast flat grey, no drama] + [HDR haloing on window edges] + no one looking at camera, no posing, no logos on footwear, documentary photograph not advertising",place,changing room after heat.,no,,UCI Road Worlds Montreal week atmosphere; MTB marathon season ending,
2026-09-29,Tuesday,40,September,tue,Camera B,,4:5,SILVER,SWEAT,ENGINE,BETWEEN ROUNDS,Heat still in the room after the last pull.,"[Camera B 4:5, still photographer, sibling feel BETWEEN ROUNDS] + [SILVER] + [35mm or 50mm, shallow mid depth, desaturated cool silver grade] + [engine mid-interval, breathing hard, unfinished rep] + [plain grey tee dark with sweat, compression tights, cheap watch] + [mat room after open mat] + [chalk block cracked, water bottle on side, towel knotted, HR strap dangling] + [cool silver ambient, fluorescent or overcast] + [negative space uneven, subject off-third] + no one looking at camera, no posing, no logos on footwear, documentary photograph not advertising",flat observation,heat still sits in the stairwell after.,no,,UCI Road Worlds Montreal week atmosphere; MTB marathon season ending,
2026-10-01,Thursday,40,October,thu,Camera A,HANDED,1:1,FLAT GREY,SMEAR,ROULEUR,MIRROR,"Red chalk and rain as texture, not drama.","[Camera A HANDED 1:1, phone documentary] + [FLAT GREY] + [phone wide ~24mm equivalent, deep focus, HDR processing, edge distortion, over-sharpening; HDR, lens distortion, over-sharpening, slight tilt] + [rouleur moving through wet or chalked space, smear in foreground] + [worn Rapha jersey under open gilet, grease-marked gloves] + [gym mirror fogged] + [tape peel, rain on camera glass, glove left behind, mud streak on shin] + [overcast flat grey, no drama] + [oversharpened fabric texture, phone processing artifacts] + no one looking at camera, no posing, no logos on footwear, documentary photograph not advertising",flat observation,steam on the mirror means the room worked.,no,,autumn base; wet roads; longer rides; Hyrox season deep,texture priority over face
2026-10-02,Friday,40,October,fri,Camera A,HANDED,1:1,AVAILABLE,PROOF,MILER,NOTEBOOK,Numbers before narrative; log first.,"[Camera A HANDED 1:1, phone documentary] + [SILVER] + [phone wide ~24mm equivalent, deep focus, HDR processing, edge distortion, over-sharpening; HDR, lens distortion, over-sharpening, slight tilt] + [miler logging numbers, head down, pen moving] + [faded Asics singlet, chalk-dusted shorts, mismatched socks] + [printed week plan taped to fridge] + [coffee ring stain, old pace printout, pen uncapped, torn race bib edge] + [cool silver ambient, fluorescent or overcast] + [lens distortion at frame edge, barrel bend] + no one looking at camera, no posing, no logos on footwear, documentary photograph not advertising",log,longer rides in the book now.,no,,autumn base; wet roads; longer rides; Hyrox season deep,
2026-10-03,Saturday,40,October,sat,Camera A,SELF,1:1,AVAILABLE,PREP,GRAPPLER,FUEL LAY,Quiet assembly before leaving the flat.,"[Camera A SELF 1:1, phone documentary] + [AVAILABLE] + [phone wide ~24mm equivalent, deep focus, HDR processing, edge distortion, over-sharpening; HDR, lens distortion, over-sharpening, slight tilt] + [grappler packing bag, checking straps, quiet focus] + [damp gi pants half-on, rashguard rolled, chalk on knuckles] + [stairwell with gear stacked] + [shoes untied, bib number loose, gel wrappers crumpled, belt coiled] + [mixed available light, practical lamps, window spill] + [thumb partially in frame, handed camera shake] + no one looking at camera, no posing, no logos on footwear, documentary photograph not advertising",log,intervals done. floor still wet.,no,,autumn base; wet roads; longer rides; Hyrox season deep,
2026-10-05,Monday,41,October,mon,Screen,,screen,AVAILABLE,SMEAR,FIGHTER,NOTEBOOK,"Red chalk and rain as texture, not drama.","[Screen screen] + [FLAT GREY] + [UI close, phone screen in hand or on counter] + [fighter training log or map visible, thumb edge] + [plain sleeve cuff] + [kitchen or gym bench] + [pen, coffee ring, charging cable, notebook corner] + [overcast flat grey, no drama] + [screen glare, fingerprint smudge] + no one looking at camera, no posing, no logos on footwear, documentary photograph not advertising",log,numbers written. bag still open.,no,,autumn base; wet roads; longer rides; Hyrox season deep,story candidate; UI mock from real log; texture priority over face
2026-10-06,Tuesday,41,October,tue,Camera B,,2.39:1,SILVER,KITCHEN,ENGINE,COAST,Steam and lists; kitchen as base camp.,"[Camera B 2.39:1, still photographer, sibling feel COAST] + [SILVER] + [35mm or 50mm, shallow mid depth, desaturated cool silver grade] + [engine plating plain food, kettle steam, no smile] + [plain grey tee dark with sweat, compression tights, cheap watch] + [morning prep island] + [rice cooker lid ajar, shopping list magnet, cut lemon half, protein scoop in sink] + [cool silver ambient, fluorescent or overcast] + [negative space uneven, subject off-third] + no one looking at camera, no posing, no logos on footwear, documentary photograph not advertising",kitchen,"shopping list longer, still plain.",no,,autumn base; wet roads; longer rides; Hyrox season deep,
2026-10-08,Thursday,41,October,thu,Camera A,POV,4:5,AVAILABLE,PROOF,FIGHTER,NOTEBOOK,Paper and screen as training memory.,"[Camera A POV 4:5, phone documentary] + [AVAILABLE] + [phone wide ~24mm equivalent, deep focus, HDR processing, edge distortion, over-sharpening; HDR, lens distortion, over-sharpening, slight tilt] + [fighter logging numbers, head down, pen moving] + [cut-sleeve hoodie, hand-wrap residue, scuffed Nike Metcons] + [kitchen counter with notebook] + [old pace printout, pen uncapped, coffee ring stain, torn race bib edge] + [mixed available light, practical lamps, window spill] + [slight dutch tilt, horizon not level] + no one looking at camera, no posing, no logos on footwear, documentary photograph not advertising",log,intervals done. floor still wet.,no,,autumn base; wet roads; longer rides; Hyrox season deep,
2026-10-09,Friday,41,October,fri,Camera B,,4:5,SILVER,GYM,MILER,GRAPPLE,Hardware and chalk without a PR face.,"[Camera B 4:5, still photographer, sibling feel GRAPPLE] + [SILVER] + [35mm or 50mm, shallow mid depth, desaturated cool silver grade] + [miler between sets, hands on knees, empty bay] + [faded Asics singlet, chalk-dusted shorts, mismatched socks] + [rings and chalk bucket] + [timer blinking, bumper plate on edge, wrist wraps draped, jump rope coiled wrong] + [cool silver ambient, fluorescent or overcast] + [depth falloff too abrupt mid-body] + no one looking at camera, no posing, no logos on footwear, documentary photograph not advertising",place,"basement gym, zurich. same smell as always.",no,,autumn base; wet roads; longer rides; Hyrox season deep,
2026-10-10,Saturday,41,October,sat,Camera A,SELF,4:5,FLAT GREY,ROAD,OPERATOR,AISLE,"Longer autumn or winter roll, no podium.","[Camera A SELF 4:5, phone documentary] + [FLAT GREY] + [phone wide ~24mm equivalent, deep focus, HDR processing, edge distortion, over-sharpening; HDR, lens distortion, over-sharpening, slight tilt] + [operator climbing or rolling, gaze ahead, traffic blur] + [utility pants, black base layer, tape on one finger] + [Limmatquai dawn] + [map print wet, muddy cleat scrape, bidon in gutter, flat tire mark] + [overcast flat grey, no drama] + [oversharpened fabric texture, phone processing artifacts] + no one looking at camera, no posing, no logos on footwear, documentary photograph not advertising",place,wet climb off the albis. cars indifferent.,no,,autumn base; wet roads; longer rides; Hyrox season deep,
2026-10-12,Monday,42,October,mon,Camera A,POV,1:1,AVAILABLE,GYM,MILER,STAIRWELL,Empty bay between sets; work unfinished.,"[Camera A POV 1:1, phone documentary] + [AVAILABLE] + [phone wide ~24mm equivalent, deep focus, HDR processing, edge distortion, over-sharpening; HDR, lens distortion, over-sharpening, slight tilt] + [miler between sets, hands on knees, empty bay] + [faded Asics singlet, chalk-dusted shorts, mismatched socks] + [sled lane after last pull] + [wrist wraps draped, timer blinking, bumper plate on edge, jump rope coiled wrong] + [mixed available light, practical lamps, window spill] + [oversharpened fabric texture, phone processing artifacts] + no one looking at camera, no posing, no logos on footwear, documentary photograph not advertising",place,"autumn path, soft underfoot.",no,,autumn base; wet roads; longer rides; Hyrox season deep,
2026-10-13,Tuesday,42,October,tue,Camera B,,2.39:1,SILVER,ROAD,OPERATOR,WET STREET,"Longer autumn or winter roll, no podium.","[Camera B 2.39:1, still photographer, sibling feel WET STREET] + [SILVER] + [35mm or 50mm, shallow mid depth, desaturated cool silver grade] + [operator climbing or rolling, gaze ahead, traffic blur] + [utility pants, black base layer, tape on one finger] + [gravel shoulder near airport] + [map print wet, flat tire mark, bidon in gutter, muddy cleat scrape] + [cool silver ambient, fluorescent or overcast] + [flare streak cutting face out of frame] + no one looking at camera, no posing, no logos on footwear, documentary photograph not advertising",place,"basement gym, zurich. same smell as always.",yes,MOTS-C+,autumn base; wet roads; longer rides; Hyrox season deep,product peripheral only; lifestyle-first
2026-10-15,Thursday,42,October,thu,Camera A,POV,9:16,AVAILABLE,SMEAR,ENGINE,MIRROR,A smear that proves the session happened.,"[Camera A POV 9:16, phone documentary] + [AVAILABLE] + [phone wide ~24mm equivalent, deep focus, HDR processing, edge distortion, over-sharpening; HDR, lens distortion, over-sharpening, slight tilt] + [engine moving through wet or chalked space, smear in foreground] + [plain grey tee dark with sweat, compression tights, cheap watch] + [window rain streaks] + [rain on camera glass, mud streak on shin, tape peel, glove left behind] + [mixed available light, practical lamps, window spill] + [slight dutch tilt, horizon not level] + no one looking at camera, no posing, no logos on footwear, documentary photograph not advertising",flat observation,chalk dust under the last pull.,no,,autumn base; wet roads; longer rides; Hyrox season deep,
2026-10-16,Friday,42,October,fri,Camera B,,2.39:1,SILVER,SMEAR,ENGINE,RED SMEAR,Colour and weather left on the body and glass.,"[Camera B 2.39:1, still photographer, sibling feel RED SMEAR] + [SILVER] + [35mm or 50mm, shallow mid depth, desaturated cool silver grade] + [engine moving through wet or chalked space, smear in foreground] + [plain grey tee dark with sweat, compression tights, cheap watch] + [window rain streaks] + [tape peel, rain on camera glass, mud streak on shin, glove left behind] + [cool silver ambient, fluorescent or overcast] + [motion blur on trailing limb] + no one looking at camera, no posing, no logos on footwear, documentary photograph not advertising",flat observation,leaves in the cleat grooves again.,no,,autumn base; wet roads; longer rides; Hyrox season deep,texture priority over face
2026-10-17,Saturday,42,October,sat,Camera A,HANDED,9:16,AVAILABLE,PROOF,ENGINE,NOTEBOOK,Numbers before narrative; log first.,"[Camera A HANDED 9:16, phone documentary] + [AVAILABLE] + [phone wide ~24mm equivalent, deep focus, HDR processing, edge distortion, over-sharpening; HDR, lens distortion, over-sharpening, slight tilt] + [engine logging numbers, head down, pen moving] + [plain grey tee dark with sweat, compression tights, cheap watch] + [printed week plan taped to fridge] + [pen uncapped, torn race bib edge, coffee ring stain, old pace printout] + [mixed available light, practical lamps, window spill] + [slight dutch tilt, horizon not level] + no one looking at camera, no posing, no logos on footwear, documentary photograph not advertising",log,intervals done. floor still wet.,no,,autumn base; wet roads; longer rides; Hyrox season deep,
2026-10-19,Monday,43,October,mon,Camera A,HANDED,1:1,AVAILABLE,SMEAR,OPERATOR,MIRROR,Colour and weather left on the body and glass.,"[Camera A HANDED 1:1, phone documentary] + [SILVER] + [phone wide ~24mm equivalent, deep focus, HDR processing, edge distortion, over-sharpening; HDR, lens distortion, over-sharpening, slight tilt] + [operator moving through wet or chalked space, smear in foreground] + [utility pants, black base layer, tape on one finger] + [gym mirror fogged] + [rain on camera glass, glove left behind, tape peel, mud streak on shin] + [cool silver ambient, fluorescent or overcast] + [HDR haloing on window edges] + no one looking at camera, no posing, no logos on footwear, documentary photograph not advertising",flat observation,chalk dust under the last pull.,no,,autumn base; wet roads; longer rides; Hyrox season deep,texture priority over face
2026-10-20,Tuesday,43,October,tue,Camera B,,1:1,SILVER,SWEAT,MILER,BETWEEN ROUNDS,"Interval residue: wet floor, unfinished set.","[Camera B 1:1, still photographer, sibling feel BETWEEN ROUNDS] + [GOLD HOUR] + [50mm, warm low sun skim, gentle falloff] + [miler mid-interval, breathing hard, unfinished rep] + [faded Asics singlet, chalk-dusted shorts, mismatched socks] + [basement gym Zurich] + [towel knotted, water bottle on side, chalk block cracked, HR strap dangling] + [low warm sun, long shadows, rare probation use] + [focus soft on nearest plane] + no one looking at camera, no posing, no logos on footwear, documentary photograph not advertising",flat observation,chalk dust under the last pull.,no,,autumn base; wet roads; longer rides; Hyrox season deep,
2026-10-22,Thursday,43,October,thu,Camera B,,1:1,SILVER,SWEAT,OPERATOR,BETWEEN ROUNDS,Mid-session breath catch with no hero angle.,"[Camera B 1:1, still photographer, sibling feel BETWEEN ROUNDS] + [SILVER] + [35mm or 50mm, shallow mid depth, desaturated cool silver grade] + [operator mid-interval, breathing hard, unfinished rep] + [utility pants, black base layer, tape on one finger] + [indoor track lanes 3-4] + [HR strap dangling, chalk block cracked, towel knotted, water bottle on side] + [cool silver ambient, fluorescent or overcast] + [negative space uneven, subject off-third] + no one looking at camera, no posing, no logos on footwear, documentary photograph not advertising",flat observation,rain finds every seam in the jacket.,no,,autumn base; wet roads; longer rides; Hyrox season deep,
2026-10-23,Friday,43,October,fri,Camera A,,landscape_kitchen,AVAILABLE,KITCHEN,FIGHTER,COUNTER,Morning plate before the second session.,"[Camera A landscape landscape_kitchen, phone documentary] + [SILVER] + [phone wide ~24mm equivalent, deep focus, HDR processing, edge distortion, over-sharpening; HDR, lens distortion, over-sharpening, slight tilt] + [fighter plating plain food, kettle steam, no smile] + [cut-sleeve hoodie, hand-wrap residue, scuffed Nike Metcons] + [small Zurich flat kitchen] + [shopping list magnet, cut lemon half, rice cooker lid ajar, protein scoop in sink] + [cool silver ambient, fluorescent or overcast] + [thumb partially in frame, handed camera shake] + no one looking at camera, no posing, no logos on footwear, documentary photograph not advertising",kitchen,soup week starts without ceremony.,no,,autumn base; wet roads; longer rides; Hyrox season deep,
2026-10-24,Saturday,43,October,sat,Camera B,,1:1,SILVER,SWEAT,ENGINE,BETWEEN ROUNDS,"Interval residue: wet floor, unfinished set.","[Camera B 1:1, still photographer, sibling feel BETWEEN ROUNDS] + [SILVER] + [35mm or 50mm, shallow mid depth, desaturated cool silver grade] + [engine mid-interval, breathing hard, unfinished rep] + [plain grey tee dark with sweat, compression tights, cheap watch] + [basement gym Zurich] + [towel knotted, water bottle on side, HR strap dangling, chalk block cracked] + [cool silver ambient, fluorescent or overcast] + [flare streak cutting face out of frame] + no one looking at camera, no posing, no logos on footwear, documentary photograph not advertising",flat observation,chalk dust under the last pull.,no,,autumn base; wet roads; longer rides; Hyrox season deep,
2026-10-26,Monday,44,October,mon,Camera A,SELF,9:16,AVAILABLE,PREP,ENGINE,FUEL LAY,Kit check in a hallway that is not photogenic.,"[Camera A SELF 9:16, phone documentary] + [AVAILABLE] + [phone wide ~24mm equivalent, deep focus, HDR processing, edge distortion, over-sharpening; HDR, lens distortion, over-sharpening, slight tilt] + [engine packing bag, checking straps, quiet focus] + [plain grey tee dark with sweat, compression tights, cheap watch] + [stairwell with gear stacked] + [bib number loose, gel wrappers crumpled, belt coiled, shoes untied] + [mixed available light, practical lamps, window spill] + [oversharpened fabric texture, phone processing artifacts] + no one looking at camera, no posing, no logos on footwear, documentary photograph not advertising",log,autumn base started. wet shoes by the door.,no,,autumn base; wet roads; longer rides; Hyrox season deep,
2026-10-27,Tuesday,44,October,tue,Camera B,,2.39:1,SILVER,KITCHEN,GRAPPLER,COAST,Morning plate before the second session.,"[Camera B 2.39:1, still photographer, sibling feel COAST] + [SILVER] + [35mm or 50mm, shallow mid depth, desaturated cool silver grade] + [grappler plating plain food, kettle steam, no smile] + [damp gi pants half-on, rashguard rolled, chalk on knuckles] + [hotel kitchenette before race] + [rice cooker lid ajar, shopping list magnet, protein scoop in sink, cut lemon half] + [cool silver ambient, fluorescent or overcast] + [flare streak cutting face out of frame] + no one looking at camera, no posing, no logos on footwear, documentary photograph not advertising",kitchen,soup week starts without ceremony.,no,,autumn base; wet roads; longer rides; Hyrox season deep,
2026-10-29,Thursday,44,October,thu,Camera B,,1:1,SILVER,SWEAT,ENGINE,BETWEEN ROUNDS,Heat still in the room after the last pull.,"[Camera B 1:1, still photographer, sibling feel BETWEEN ROUNDS] + [SILVER] + [35mm or 50mm, shallow mid depth, desaturated cool silver grade] + [engine mid-interval, breathing hard, unfinished rep] + [plain grey tee dark with sweat, compression tights, cheap watch] + [mat room after open mat] + [HR strap dangling, water bottle on side, towel knotted, chalk block cracked] + [cool silver ambient, fluorescent or overcast] + [motion blur on trailing limb] + no one looking at camera, no posing, no logos on footwear, documentary photograph not advertising",flat observation,leaves in the cleat grooves again.,no,,autumn base; wet roads; longer rides; Hyrox season deep,
2026-10-30,Friday,44,October,fri,Camera A,,landscape_kitchen,AVAILABLE,KITCHEN,ROULEUR,COUNTER,Morning plate before the second session.,"[Camera A landscape landscape_kitchen, phone documentary] + [AVAILABLE] + [phone wide ~24mm equivalent, deep focus, HDR processing, edge distortion, over-sharpening; HDR, lens distortion, over-sharpening, slight tilt] + [rouleur plating plain food, kettle steam, no smile] + [worn Rapha jersey under open gilet, grease-marked gloves] + [small Zurich flat kitchen] + [protein scoop in sink, shopping list magnet, rice cooker lid ajar, cut lemon half] + [mixed available light, practical lamps, window spill] + [HDR haloing on window edges] + no one looking at camera, no posing, no logos on footwear, documentary photograph not advertising",kitchen,"cut lemon, kettle, quiet counter.",no,,autumn base; wet roads; longer rides; Hyrox season deep,
2026-10-31,Saturday,44,October,sat,Camera A,HANDED,4:5,AVAILABLE,SMEAR,FIGHTER,MIRROR,A smear that proves the session happened.,"[Camera A HANDED 4:5, phone documentary] + [GOLD HOUR] + [phone wide ~24mm equivalent, deep focus, HDR processing, edge distortion, over-sharpening; HDR, lens distortion, over-sharpening, slight tilt] + [fighter moving through wet or chalked space, smear in foreground] + [cut-sleeve hoodie, hand-wrap residue, scuffed Nike Metcons] + [gym mirror fogged] + [tape peel, mud streak on shin, glove left behind, rain on camera glass] + [low warm sun, long shadows, rare probation use] + [lens distortion at frame edge, barrel bend] + no one looking at camera, no posing, no logos on footwear, documentary photograph not advertising",flat observation,rain finds every seam in the jacket.,no,,autumn base; wet roads; longer rides; Hyrox season deep,texture priority over face
2026-11-02,Monday,45,November,mon,Camera B,,3:2,SILVER,PREP,FIGHTER,BOXER CROP,Quiet assembly before leaving the flat.,"[Camera B 3:2, still photographer, sibling feel BOXER CROP] + [SILVER] + [35mm or 50mm, shallow mid depth, desaturated cool silver grade] + [fighter packing bag, checking straps, quiet focus] + [cut-sleeve hoodie, hand-wrap residue, scuffed Nike Metcons] + [car boot before session] + [belt coiled, shoes untied, bib number loose, gel wrappers crumpled] + [cool silver ambient, fluorescent or overcast] + [focus soft on nearest plane] + no one looking at camera, no posing, no logos on footwear, documentary photograph not advertising",log,long ride in the book. legs quiet.,no,,darker mornings; indoor fight and mat volume up,
2026-11-03,Tuesday,45,November,tue,Camera A,SELF,9:16,AVAILABLE,PROOF,ENGINE,NOTEBOOK,Quiet evidence of the week written down.,"[Camera A SELF 9:16, phone documentary] + [SILVER] + [phone wide ~24mm equivalent, deep focus, HDR processing, edge distortion, over-sharpening; HDR, lens distortion, over-sharpening, slight tilt] + [engine logging numbers, head down, pen moving] + [plain grey tee dark with sweat, compression tights, cheap watch] + [phone lock screen glow] + [torn race bib edge, pen uncapped, old pace printout, coffee ring stain] + [cool silver ambient, fluorescent or overcast] + [lens distortion at frame edge, barrel bend] + no one looking at camera, no posing, no logos on footwear, documentary photograph not advertising",log,long ride in the book. legs quiet.,yes,RETATRUTIDE+,darker mornings; indoor fight and mat volume up,product peripheral only; lifestyle-first
2026-11-05,Thursday,45,November,thu,Camera B,,1:1,SILVER,SWEAT,GRAPPLER,BOXER CROP,"Interval residue: wet floor, unfinished set.","[Camera A SELF 1:1, phone documentary] + [AVAILABLE] + [phone wide ~24mm equivalent, deep focus, HDR processing, edge distortion, over-sharpening; HDR, lens distortion, over-sharpening, slight tilt] + [grappler mid-interval, breathing hard, unfinished rep] + [damp gi pants half-on, rashguard rolled, chalk on knuckles] + [basement gym Zurich] + [chalk block cracked, HR strap dangling, water bottle on side, towel knotted] + [mixed available light, practical lamps, window spill] + [thumb partially in frame, handed camera shake] + no one looking at camera, no posing, no logos on footwear, documentary photograph not advertising",flat observation,the kettle finishes before the list does.,no,,darker mornings; indoor fight and mat volume up,
2026-11-06,Friday,45,November,fri,Camera A,POV,9:16,AVAILABLE,PREP,FIGHTER,FUEL LAY,"Bag open, day not started yet.","[Camera A POV 9:16, phone documentary] + [AVAILABLE] + [phone wide ~24mm equivalent, deep focus, HDR processing, edge distortion, over-sharpening; HDR, lens distortion, over-sharpening, slight tilt] + [fighter packing bag, checking straps, quiet focus] + [cut-sleeve hoodie, hand-wrap residue, scuffed Nike Metcons] + [stairwell with gear stacked] + [gel wrappers crumpled, belt coiled, shoes untied, bib number loose] + [mixed available light, practical lamps, window spill] + [thumb partially in frame, handed camera shake] + no one looking at camera, no posing, no logos on footwear, documentary photograph not advertising",log,long ride in the book. legs quiet.,no,,darker mornings; indoor fight and mat volume up,
2026-11-07,Saturday,45,November,sat,Camera A,,landscape_kitchen,FLAT GREY,KITCHEN,ROULEUR,COUNTER,Morning plate before the second session.,"[Camera A landscape landscape_kitchen, phone documentary] + [FLAT GREY] + [phone wide ~24mm equivalent, deep focus, HDR processing, edge distortion, over-sharpening; HDR, lens distortion, over-sharpening, slight tilt] + [rouleur plating plain food, kettle steam, no smile] + [worn Rapha jersey under open gilet, grease-marked gloves] + [shared training house counter] + [rice cooker lid ajar, cut lemon half, protein scoop in sink, shopping list magnet] + [overcast flat grey, no drama] + [oversharpened fabric texture, phone processing artifacts] + no one looking at camera, no posing, no logos on footwear, documentary photograph not advertising",kitchen,sunday is just rice.,no,,darker mornings; indoor fight and mat volume up,
2026-11-09,Monday,46,November,mon,Camera B,,1:1,SILVER,SWEAT,ENGINE,BETWEEN ROUNDS,Heat still in the room after the last pull.,"[Camera B 1:1, still photographer, sibling feel BETWEEN ROUNDS] + [GOLD HOUR] + [50mm, warm low sun skim, gentle falloff] + [engine mid-interval, breathing hard, unfinished rep] + [plain grey tee dark with sweat, compression tights, cheap watch] + [indoor track lanes 3-4] + [water bottle on side, HR strap dangling, chalk block cracked, towel knotted] + [low warm sun, long shadows, rare probation use] + [flare streak cutting face out of frame] + no one looking at camera, no posing, no logos on footwear, documentary photograph not advertising",flat observation,the kettle finishes before the list does.,no,,darker mornings; indoor fight and mat volume up,
2026-11-10,Tuesday,46,November,tue,Camera A,POV,1:1,AVAILABLE,SMEAR,MILER,MIRROR,"Red chalk and rain as texture, not drama.","[Camera A POV 1:1, phone documentary] + [AVAILABLE] + [phone wide ~24mm equivalent, deep focus, HDR processing, edge distortion, over-sharpening; HDR, lens distortion, over-sharpening, slight tilt] + [miler moving through wet or chalked space, smear in foreground] + [faded Asics singlet, chalk-dusted shorts, mismatched socks] + [red chalk smear on floor] + [glove left behind, rain on camera glass, mud streak on shin, tape peel] + [mixed available light, practical lamps, window spill] + [oversharpened fabric texture, phone processing artifacts] + no one looking at camera, no posing, no logos on footwear, documentary photograph not advertising",flat observation,the kettle finishes before the list does.,no,,darker mornings; indoor fight and mat volume up,texture priority over face
2026-11-12,Thursday,46,November,thu,Camera B,,1:1,SILVER,PREP,MILER,BOXER CROP,"Bag open, day not started yet.","[Camera B 1:1, still photographer, sibling feel BOXER CROP] + [SILVER] + [35mm or 50mm, shallow mid depth, desaturated cool silver grade] + [miler packing bag, checking straps, quiet focus] + [faded Asics singlet, chalk-dusted shorts, mismatched socks] + [stairwell with gear stacked] + [shoes untied, gel wrappers crumpled, bib number loose, belt coiled] + [cool silver ambient, fluorescent or overcast] + [flare streak cutting face out of frame] + no one looking at camera, no posing, no logos on footwear, documentary photograph not advertising",log,dark morning session. lights on early.,no,,darker mornings; indoor fight and mat volume up,
2026-11-13,Friday,46,November,fri,Camera A,POV,1:1,AVAILABLE,PROOF,ROULEUR,BOXER CROP,Paper and screen as training memory.,"[Camera B 1:1, still photographer, sibling feel BOXER CROP] + [SILVER] + [35mm or 50mm, shallow mid depth, desaturated cool silver grade] + [rouleur logging numbers, head down, pen moving] + [worn Rapha jersey under open gilet, grease-marked gloves] + [kitchen counter with notebook] + [torn race bib edge, old pace printout, pen uncapped, coffee ring stain] + [cool silver ambient, fluorescent or overcast] + [negative space uneven, subject off-third] + no one looking at camera, no posing, no logos on footwear, documentary photograph not advertising",log,dark morning session. lights on early.,no,,darker mornings; indoor fight and mat volume up,
2026-11-14,Saturday,46,November,sat,Camera A,HANDED,4:5,FLAT GREY,PREP,FIGHTER,FUEL LAY,Quiet assembly before leaving the flat.,"[Camera A HANDED 4:5, phone documentary] + [FLAT GREY] + [phone wide ~24mm equivalent, deep focus, HDR processing, edge distortion, over-sharpening; HDR, lens distortion, over-sharpening, slight tilt] + [fighter packing bag, checking straps, quiet focus] + [cut-sleeve hoodie, hand-wrap residue, scuffed Nike Metcons] + [car boot before session] + [bib number loose, shoes untied, gel wrappers crumpled, belt coiled] + [overcast flat grey, no drama] + [thumb partially in frame, handed camera shake] + no one looking at camera, no posing, no logos on footwear, documentary photograph not advertising",log,mat rounds counted. hands taped again.,no,,darker mornings; indoor fight and mat volume up,
2026-11-16,Monday,47,November,mon,Camera A,SELF,1:1,AVAILABLE,PREP,ENGINE,FUEL LAY,Quiet assembly before leaving the flat.,"[Camera A SELF 1:1, phone documentary] + [AVAILABLE] + [phone wide ~24mm equivalent, deep focus, HDR processing, edge distortion, over-sharpening; HDR, lens distortion, over-sharpening, slight tilt] + [engine packing bag, checking straps, quiet focus] + [plain grey tee dark with sweat, compression tights, cheap watch] + [car boot before session] + [shoes untied, belt coiled, gel wrappers crumpled, bib number loose] + [mixed available light, practical lamps, window spill] + [lens distortion at frame edge, barrel bend] + no one looking at camera, no posing, no logos on footwear, documentary photograph not advertising",log,dark morning session. lights on early.,no,,darker mornings; indoor fight and mat volume up,
2026-11-17,Tuesday,47,November,tue,Camera B,,4:5,SILVER,SWEAT,FIGHTER,BETWEEN ROUNDS,Heat still in the room after the last pull.,"[Camera B 4:5, still photographer, sibling feel BETWEEN ROUNDS] + [SILVER] + [35mm or 50mm, shallow mid depth, desaturated cool silver grade] + [fighter mid-interval, breathing hard, unfinished rep] + [cut-sleeve hoodie, hand-wrap residue, scuffed Nike Metcons] + [mat room after open mat] + [water bottle on side, chalk block cracked, towel knotted, HR strap dangling] + [cool silver ambient, fluorescent or overcast] + [negative space uneven, subject off-third] + no one looking at camera, no posing, no logos on footwear, documentary photograph not advertising",flat observation,mud on the cleat is just mud.,no,,darker mornings; indoor fight and mat volume up,
2026-11-19,Thursday,47,November,thu,Camera A,SELF,4:5,AVAILABLE,SMEAR,FIGHTER,MIRROR,A smear that proves the session happened.,"[Camera A SELF 4:5, phone documentary] + [AVAILABLE] + [phone wide ~24mm equivalent, deep focus, HDR processing, edge distortion, over-sharpening; HDR, lens distortion, over-sharpening, slight tilt] + [fighter moving through wet or chalked space, smear in foreground] + [cut-sleeve hoodie, hand-wrap residue, scuffed Nike Metcons] + [red chalk smear on floor] + [mud streak on shin, glove left behind, rain on camera glass, tape peel] + [mixed available light, practical lamps, window spill] + [thumb partially in frame, handed camera shake] + no one looking at camera, no posing, no logos on footwear, documentary photograph not advertising",flat observation,breath shows before the first set.,no,,darker mornings; indoor fight and mat volume up,texture priority over face
2026-11-20,Friday,47,November,fri,Camera A,POV,1:1,AVAILABLE,HEIGHTENED,ENGINE,STAIRWELL,Pause above the city before the next block.,"[Camera A POV 1:1, phone documentary] + [AVAILABLE] + [phone wide ~24mm equivalent, deep focus, HDR processing, edge distortion, over-sharpening; HDR, lens distortion, over-sharpening, slight tilt] + [engine paused on landing, city below soft, breath visible] + [plain grey tee dark with sweat, compression tights, cheap watch] + [rooftop stair landing] + [loose lace, distant tram light, breath vapour, fog on railing] + [mixed available light, practical lamps, window spill] + [slight dutch tilt, horizon not level] + no one looking at camera, no posing, no logos on footwear, documentary photograph not advertising",place,"dark street, headlamp cone only.",no,,darker mornings; indoor fight and mat volume up,rare height; keep non-spectacle
2026-11-21,Saturday,47,November,sat,Camera B,,4:5,SILVER,GYM,ENGINE,GRAPPLE,Empty bay between sets; work unfinished.,"[Camera B 4:5, still photographer, sibling feel GRAPPLE] + [SILVER] + [35mm or 50mm, shallow mid depth, desaturated cool silver grade] + [engine between sets, hands on knees, empty bay] + [plain grey tee dark with sweat, compression tights, cheap watch] + [rings and chalk bucket] + [timer blinking, wrist wraps draped, jump rope coiled wrong, bumper plate on edge] + [cool silver ambient, fluorescent or overcast] + [depth falloff too abrupt mid-body] + no one looking at camera, no posing, no logos on footwear, documentary photograph not advertising",place,"basement gym, zurich. same smell as always.",no,,darker mornings; indoor fight and mat volume up,
2026-11-23,Monday,48,November,mon,Camera A,POV,4:5,AVAILABLE,PROOF,FIGHTER,NOTEBOOK,Paper and screen as training memory.,"[Camera A POV 4:5, phone documentary] + [SILVER] + [phone wide ~24mm equivalent, deep focus, HDR processing, edge distortion, over-sharpening; HDR, lens distortion, over-sharpening, slight tilt] + [fighter logging numbers, head down, pen moving] + [cut-sleeve hoodie, hand-wrap residue, scuffed Nike Metcons] + [kitchen counter with notebook] + [torn race bib edge, coffee ring stain, pen uncapped, old pace printout] + [cool silver ambient, fluorescent or overcast] + [thumb partially in frame, handed camera shake] + no one looking at camera, no posing, no logos on footwear, documentary photograph not advertising",log,indoor volume up. street work shorter.,no,,darker mornings; indoor fight and mat volume up,
2026-11-24,Tuesday,48,November,tue,Camera B,,4:5,SILVER,ROAD,ROULEUR,WET STREET,Wet road miles as ordinary labour.,"[Camera B 4:5, still photographer, sibling feel WET STREET] + [SILVER] + [35mm or 50mm, shallow mid depth, desaturated cool silver grade] + [rouleur climbing or rolling, gaze ahead, traffic blur] + [worn Rapha jersey under open gilet, grease-marked gloves] + [Limmatquai dawn] + [map print wet, muddy cleat scrape, bidon in gutter, flat tire mark] + [cool silver ambient, fluorescent or overcast] + [motion blur on trailing limb] + no one looking at camera, no posing, no logos on footwear, documentary photograph not advertising",place,"basement gym, zurich. same smell as always.",no,,darker mornings; indoor fight and mat volume up,
2026-11-26,Thursday,48,November,thu,Camera A,SELF,1:1,FLAT GREY,ROAD,ENGINE,AISLE,"Longer autumn or winter roll, no podium.","[Camera A SELF 1:1, phone documentary] + [FLAT GREY] + [phone wide ~24mm equivalent, deep focus, HDR processing, edge distortion, over-sharpening; HDR, lens distortion, over-sharpening, slight tilt] + [engine climbing or rolling, gaze ahead, traffic blur] + [plain grey tee dark with sweat, compression tights, cheap watch] + [Albis wet climb] + [bidon in gutter, flat tire mark, muddy cleat scrape, map print wet] + [overcast flat grey, no drama] + [subject cropped mid-torso awkwardly] + no one looking at camera, no posing, no logos on footwear, documentary photograph not advertising",place,"indoor hall, temporary lines taped.",no,,darker mornings; indoor fight and mat volume up,
2026-11-27,Friday,48,November,fri,Camera B,,4:5,SILVER,ROAD,ROULEUR,WET STREET,Climb or coast under flat light.,"[Camera B 4:5, still photographer, sibling feel WET STREET] + [SILVER] + [35mm or 50mm, shallow mid depth, desaturated cool silver grade] + [rouleur climbing or rolling, gaze ahead, traffic blur] + [worn Rapha jersey under open gilet, grease-marked gloves] + [gravel shoulder near airport] + [bidon in gutter, flat tire mark, map print wet, muddy cleat scrape] + [cool silver ambient, fluorescent or overcast] + [focus soft on nearest plane] + no one looking at camera, no posing, no logos on footwear, documentary photograph not advertising",place,"dark street, headlamp cone only.",no,,darker mornings; indoor fight and mat volume up,
2026-11-28,Saturday,48,November,sat,Camera B,,4:5,SILVER,GYM,OPERATOR,GRAPPLE,The corner of the gym that keeps the hours.,"[Camera B 4:5, still photographer, sibling feel GRAPPLE] + [SILVER] + [35mm or 50mm, shallow mid depth, desaturated cool silver grade] + [operator between sets, hands on knees, empty bay] + [utility pants, black base layer, tape on one finger] + [sled lane after last pull] + [timer blinking, wrist wraps draped, jump rope coiled wrong, bumper plate on edge] + [cool silver ambient, fluorescent or overcast] + [focus soft on nearest plane] + no one looking at camera, no posing, no logos on footwear, documentary photograph not advertising",place,"dark street, headlamp cone only.",no,,darker mornings; indoor fight and mat volume up,
2026-11-30,Monday,49,November,mon,Camera A,POV,4:5,FLAT GREY,ROAD,ROULEUR,AISLE,Climb or coast under flat light.,"[Camera A POV 4:5, phone documentary] + [FLAT GREY] + [phone wide ~24mm equivalent, deep focus, HDR processing, edge distortion, over-sharpening; HDR, lens distortion, over-sharpening, slight tilt] + [rouleur climbing or rolling, gaze ahead, traffic blur] + [worn Rapha jersey under open gilet, grease-marked gloves] + [coast path flat grey light] + [muddy cleat scrape, bidon in gutter, flat tire mark, map print wet] + [overcast flat grey, no drama] + [subject cropped mid-torso awkwardly] + no one looking at camera, no posing, no logos on footwear, documentary photograph not advertising",place,stairwell between floors. no one waiting.,no,,darker mornings; indoor fight and mat volume up,
2026-12-01,Tuesday,49,December,tue,Camera B,,screen,SILVER,SWEAT,ENGINE,BOXER CROP,"Interval residue: wet floor, unfinished set.","[Screen screen] + [FLAT GREY] + [UI close, phone screen in hand or on counter] + [engine training log or map visible, thumb edge] + [plain sleeve cuff] + [kitchen or gym bench] + [pen, coffee ring, charging cable, notebook corner] + [overcast flat grey, no drama] + [screen glare, fingerprint smudge] + no one looking at camera, no posing, no logos on footwear, documentary photograph not advertising",flat observation,dark by the last interval.,no,,short days; kitchen and prep density up; year-end training logs,story candidate; UI mock from real log
2026-12-03,Thursday,49,December,thu,Camera A,SELF,4:5,FLAT GREY,SMEAR,ROULEUR,MIRROR,A smear that proves the session happened.,"[Camera A SELF 4:5, phone documentary] + [FLAT GREY] + [phone wide ~24mm equivalent, deep focus, HDR processing, edge distortion, over-sharpening; HDR, lens distortion, over-sharpening, slight tilt] + [rouleur moving through wet or chalked space, smear in foreground] + [worn Rapha jersey under open gilet, grease-marked gloves] + [wet pavement under sodium lamp] + [tape peel, glove left behind, rain on camera glass, mud streak on shin] + [overcast flat grey, no drama] + [subject cropped mid-torso awkwardly] + no one looking at camera, no posing, no logos on footwear, documentary photograph not advertising",flat observation,steam on the mirror means the room worked.,no,,short days; kitchen and prep density up; year-end training logs,texture priority over face
2026-12-04,Friday,49,December,fri,Camera A,POV,4:5,AVAILABLE,PROOF,ENGINE,NOTEBOOK,Paper and screen as training memory.,"[Camera A POV 4:5, phone documentary] + [AVAILABLE] + [phone wide ~24mm equivalent, deep focus, HDR processing, edge distortion, over-sharpening; HDR, lens distortion, over-sharpening, slight tilt] + [engine logging numbers, head down, pen moving] + [plain grey tee dark with sweat, compression tights, cheap watch] + [phone lock screen glow] + [pen uncapped, old pace printout, coffee ring stain, torn race bib edge] + [mixed available light, practical lamps, window spill] + [lens distortion at frame edge, barrel bend] + no one looking at camera, no posing, no logos on footwear, documentary photograph not advertising",log,year-end log. no summary speech.,no,,short days; kitchen and prep density up; year-end training logs,
2026-12-05,Saturday,49,December,sat,Camera B,,1:1,SILVER,CREW,GRAPPLER,BETWEEN ROUNDS,Between heats with the same thermos.,"[Camera B 1:1, still photographer, sibling feel BETWEEN ROUNDS] + [SILVER] + [35mm or 50mm, shallow mid depth, desaturated cool silver grade] + [small crew around grappler, talking low, shared thermos] + [damp gi pants half-on, rashguard rolled, chalk on knuckles] + [bench between heats] + [team bag unzipped, shared thermos, spare jacket heap, race belt on chair] + [cool silver ambient, fluorescent or overcast] + [negative space uneven, subject off-third] + no one looking at camera, no posing, no logos on footwear, documentary photograph not advertising",crew,few left in the bay.,no,,short days; kitchen and prep density up; year-end training logs,
2026-12-07,Monday,50,December,mon,Camera B,,1:1,SILVER,SWEAT,ROULEUR,BOXER CROP,Mid-session breath catch with no hero angle.,"[Camera A SELF 1:1, phone documentary] + [AVAILABLE] + [phone wide ~24mm equivalent, deep focus, HDR processing, edge distortion, over-sharpening; HDR, lens distortion, over-sharpening, slight tilt] + [rouleur mid-interval, breathing hard, unfinished rep] + [worn Rapha jersey under open gilet, grease-marked gloves] + [mat room after open mat] + [chalk block cracked, towel knotted, water bottle on side, HR strap dangling] + [mixed available light, practical lamps, window spill] + [HDR haloing on window edges] + no one looking at camera, no posing, no logos on footwear, documentary photograph not advertising",flat observation,steam on the mirror means the room worked.,no,,short days; kitchen and prep density up; year-end training logs,
2026-12-08,Tuesday,50,December,tue,Camera B,,4:5,SILVER,SWEAT,ROULEUR,BETWEEN ROUNDS,Heat still in the room after the last pull.,"[Camera B 4:5, still photographer, sibling feel BETWEEN ROUNDS] + [SILVER] + [35mm or 50mm, shallow mid depth, desaturated cool silver grade] + [rouleur mid-interval, breathing hard, unfinished rep] + [worn Rapha jersey under open gilet, grease-marked gloves] + [indoor track lanes 3-4] + [chalk block cracked, HR strap dangling, water bottle on side, towel knotted] + [cool silver ambient, fluorescent or overcast] + [depth falloff too abrupt mid-body] + no one looking at camera, no posing, no logos on footwear, documentary photograph not advertising",flat observation,tape peel left on the bench.,no,,short days; kitchen and prep density up; year-end training logs,
2026-12-10,Thursday,50,December,thu,Camera B,,2.39:1,SILVER,KITCHEN,MILER,COAST,"Fuel as routine, not content cuisine.","[Camera B 2.39:1, still photographer, sibling feel COAST] + [SILVER] + [35mm or 50mm, shallow mid depth, desaturated cool silver grade] + [miler plating plain food, kettle steam, no smile] + [faded Asics singlet, chalk-dusted shorts, mismatched socks] + [small Zurich flat kitchen] + [cut lemon half, rice cooker lid ajar, protein scoop in sink, shopping list magnet] + [cool silver ambient, fluorescent or overcast] + [depth falloff too abrupt mid-body] + no one looking at camera, no posing, no logos on footwear, documentary photograph not advertising",kitchen,"rice, eggs, greens. no plating speech.",no,,short days; kitchen and prep density up; year-end training logs,
2026-12-11,Friday,50,December,fri,Camera B,,4:5,SILVER,SWEAT,ROULEUR,BETWEEN ROUNDS,Heat still in the room after the last pull.,"[Camera B 4:5, still photographer, sibling feel BETWEEN ROUNDS] + [GEL] + [50mm, soft gel colour wash, shallow subject isolation] + [rouleur mid-interval, breathing hard, unfinished rep] + [worn Rapha jersey under open gilet, grease-marked gloves] + [indoor track lanes 3-4] + [chalk block cracked, HR strap dangling, water bottle on side, towel knotted] + [soft coloured gel spill from side, subdued] + [negative space uneven, subject off-third] + no one looking at camera, no posing, no logos on footwear, documentary photograph not advertising",flat observation,the notebook page is denser in december.,no,,short days; kitchen and prep density up; year-end training logs,
2026-12-12,Saturday,50,December,sat,Camera A,POV,1:1,AVAILABLE,PROOF,MILER,NOTEBOOK,Paper and screen as training memory.,"[Camera A POV 1:1, phone documentary] + [AVAILABLE] + [phone wide ~24mm equivalent, deep focus, HDR processing, edge distortion, over-sharpening; HDR, lens distortion, over-sharpening, slight tilt] + [miler logging numbers, head down, pen moving] + [faded Asics singlet, chalk-dusted shorts, mismatched socks] + [kitchen counter with notebook] + [torn race bib edge, pen uncapped, coffee ring stain, old pace printout] + [mixed available light, practical lamps, window spill] + [lens distortion at frame edge, barrel bend] + no one looking at camera, no posing, no logos on footwear, documentary photograph not advertising",log,short day. dense notebook page.,no,,short days; kitchen and prep density up; year-end training logs,
2026-12-14,Monday,51,December,mon,Camera A,POV,9:16,AVAILABLE,PROOF,GRAPPLER,NOTEBOOK,Paper and screen as training memory.,"[Camera A POV 9:16, phone documentary] + [AVAILABLE] + [phone wide ~24mm equivalent, deep focus, HDR processing, edge distortion, over-sharpening; HDR, lens distortion, over-sharpening, slight tilt] + [grappler logging numbers, head down, pen moving] + [damp gi pants half-on, rashguard rolled, chalk on knuckles] + [phone lock screen glow] + [torn race bib edge, pen uncapped, old pace printout, coffee ring stain] + [mixed available light, practical lamps, window spill] + [HDR haloing on window edges] + no one looking at camera, no posing, no logos on footwear, documentary photograph not advertising",log,session logged. nothing else to say.,no,,short days; kitchen and prep density up; year-end training logs,
2026-12-15,Tuesday,51,December,tue,Camera A,HANDED,9:16,AVAILABLE,SMEAR,ROULEUR,MIRROR,"Red chalk and rain as texture, not drama.","[Camera A HANDED 9:16, phone documentary] + [AVAILABLE] + [phone wide ~24mm equivalent, deep focus, HDR processing, edge distortion, over-sharpening; HDR, lens distortion, over-sharpening, slight tilt] + [rouleur moving through wet or chalked space, smear in foreground] + [worn Rapha jersey under open gilet, grease-marked gloves] + [red chalk smear on floor] + [rain on camera glass, mud streak on shin, glove left behind, tape peel] + [mixed available light, practical lamps, window spill] + [lens distortion at frame edge, barrel bend] + no one looking at camera, no posing, no logos on footwear, documentary photograph not advertising",flat observation,the notebook page is denser in december.,no,,short days; kitchen and prep density up; year-end training logs,texture priority over face
2026-12-17,Thursday,51,December,thu,Camera A,POV,1:1,AVAILABLE,GYM,FIGHTER,STAIRWELL,Empty bay between sets; work unfinished.,"[Camera A POV 1:1, phone documentary] + [AVAILABLE] + [phone wide ~24mm equivalent, deep focus, HDR processing, edge distortion, over-sharpening; HDR, lens distortion, over-sharpening, slight tilt] + [fighter between sets, hands on knees, empty bay] + [cut-sleeve hoodie, hand-wrap residue, scuffed Nike Metcons] + [rings and chalk bucket] + [timer blinking, bumper plate on edge, wrist wraps draped, jump rope coiled wrong] + [mixed available light, practical lamps, window spill] + [subject cropped mid-torso awkwardly] + no one looking at camera, no posing, no logos on footwear, documentary photograph not advertising",place,short daylight window on the track.,no,,short days; kitchen and prep density up; year-end training logs,
2026-12-18,Friday,51,December,fri,Camera B,,9:16,SILVER,SWEAT,MILER,BOXER CROP,Heat still in the room after the last pull.,"[Camera A SELF 9:16, phone documentary] + [AVAILABLE] + [phone wide ~24mm equivalent, deep focus, HDR processing, edge distortion, over-sharpening; HDR, lens distortion, over-sharpening, slight tilt] + [miler mid-interval, breathing hard, unfinished rep] + [faded Asics singlet, chalk-dusted shorts, mismatched socks] + [basement gym Zurich] + [HR strap dangling, chalk block cracked, water bottle on side, towel knotted] + [mixed available light, practical lamps, window spill] + [subject cropped mid-torso awkwardly] + no one looking at camera, no posing, no logos on footwear, documentary photograph not advertising",flat observation,dark by the last interval.,no,,short days; kitchen and prep density up; year-end training logs,
2026-12-19,Saturday,51,December,sat,Camera A,HANDED,9:16,AVAILABLE,SMEAR,MILER,MIRROR,Colour and weather left on the body and glass.,"[Camera A HANDED 9:16, phone documentary] + [AVAILABLE] + [phone wide ~24mm equivalent, deep focus, HDR processing, edge distortion, over-sharpening; HDR, lens distortion, over-sharpening, slight tilt] + [miler moving through wet or chalked space, smear in foreground] + [faded Asics singlet, chalk-dusted shorts, mismatched socks] + [red chalk smear on floor] + [mud streak on shin, tape peel, rain on camera glass, glove left behind] + [mixed available light, practical lamps, window spill] + [oversharpened fabric texture, phone processing artifacts] + no one looking at camera, no posing, no logos on footwear, documentary photograph not advertising",flat observation,the notebook page is denser in december.,yes,MOTS-C+,short days; kitchen and prep density up; year-end training logs,product peripheral only; lifestyle-first; texture priority over face
2026-12-21,Monday,52,December,mon,Camera A,POV,4:5,AVAILABLE,PROOF,OPERATOR,BOXER CROP,Paper and screen as training memory.,"[Camera B 2.39:1, still photographer, sibling feel BOXER CROP] + [SILVER] + [35mm or 50mm, shallow mid depth, desaturated cool silver grade] + [operator logging numbers, head down, pen moving] + [utility pants, black base layer, tape on one finger] + [phone lock screen glow] + [torn race bib edge, coffee ring stain, pen uncapped, old pace printout] + [cool silver ambient, fluorescent or overcast] + [depth falloff too abrupt mid-body] + no one looking at camera, no posing, no logos on footwear, documentary photograph not advertising",log,short day. dense notebook page.,no,,short days; kitchen and prep density up; year-end training logs,
2026-12-22,Tuesday,52,December,tue,Camera A,POV,1:1,AVAILABLE,PREP,OPERATOR,FUEL LAY,Quiet assembly before leaving the flat.,"[Camera A POV 1:1, phone documentary] + [AVAILABLE] + [phone wide ~24mm equivalent, deep focus, HDR processing, edge distortion, over-sharpening; HDR, lens distortion, over-sharpening, slight tilt] + [operator packing bag, checking straps, quiet focus] + [utility pants, black base layer, tape on one finger] + [stairwell with gear stacked] + [belt coiled, shoes untied, bib number loose, gel wrappers crumpled] + [mixed available light, practical lamps, window spill] + [slight dutch tilt, horizon not level] + no one looking at camera, no posing, no logos on footwear, documentary photograph not advertising",log,session logged. nothing else to say.,no,,short days; kitchen and prep density up; year-end training logs,
2026-12-24,Thursday,52,December,thu,Camera A,HANDED,4:5,FLAT GREY,ROAD,ROULEUR,AISLE,Climb or coast under flat light.,"[Camera A HANDED 4:5, phone documentary] + [FLAT GREY] + [phone wide ~24mm equivalent, deep focus, HDR processing, edge distortion, over-sharpening; HDR, lens distortion, over-sharpening, slight tilt] + [rouleur climbing or rolling, gaze ahead, traffic blur] + [worn Rapha jersey under open gilet, grease-marked gloves] + [Albis wet climb] + [muddy cleat scrape, bidon in gutter, map print wet, flat tire mark] + [overcast flat grey, no drama] + [oversharpened fabric texture, phone processing artifacts] + no one looking at camera, no posing, no logos on footwear, documentary photograph not advertising",place,wet street before dawn. bollards indifferent.,no,,short days; kitchen and prep density up; year-end training logs,
2026-12-25,Friday,52,December,fri,Camera A,,landscape_kitchen,AVAILABLE,KITCHEN,FIGHTER,COUNTER,Morning plate before the second session.,"[Camera A landscape landscape_kitchen, phone documentary] + [AVAILABLE] + [phone wide ~24mm equivalent, deep focus, HDR processing, edge distortion, over-sharpening; HDR, lens distortion, over-sharpening, slight tilt] + [fighter plating plain food, kettle steam, no smile] + [cut-sleeve hoodie, hand-wrap residue, scuffed Nike Metcons] + [small Zurich flat kitchen] + [protein scoop in sink, cut lemon half, shopping list magnet, rice cooker lid ajar] + [mixed available light, practical lamps, window spill] + [oversharpened fabric texture, phone processing artifacts] + no one looking at camera, no posing, no logos on footwear, documentary photograph not advertising",kitchen,"year-end fridge, same containers.",no,,short days; kitchen and prep density up; year-end training logs,
2026-12-26,Saturday,52,December,sat,Camera A,HANDED,1:1,AVAILABLE,GYM,OPERATOR,STAIRWELL,Hardware and chalk without a PR face.,"[Camera A HANDED 1:1, phone documentary] + [AVAILABLE] + [phone wide ~24mm equivalent, deep focus, HDR processing, edge distortion, over-sharpening; HDR, lens distortion, over-sharpening, slight tilt] + [operator between sets, hands on knees, empty bay] + [utility pants, black base layer, tape on one finger] + [cable rack corner] + [wrist wraps draped, bumper plate on edge, timer blinking, jump rope coiled wrong] + [mixed available light, practical lamps, window spill] + [slight dutch tilt, horizon not level] + no one looking at camera, no posing, no logos on footwear, documentary photograph not advertising",place,short daylight window on the track.,no,,short days; kitchen and prep density up; year-end training logs,
2026-12-28,Monday,53,December,mon,Camera A,SELF,4:5,FLAT GREY,SMEAR,GRAPPLER,MIRROR,"Red chalk and rain as texture, not drama.","[Camera A SELF 4:5, phone documentary] + [FLAT GREY] + [phone wide ~24mm equivalent, deep focus, HDR processing, edge distortion, over-sharpening; HDR, lens distortion, over-sharpening, slight tilt] + [grappler moving through wet or chalked space, smear in foreground] + [damp gi pants half-on, rashguard rolled, chalk on knuckles] + [red chalk smear on floor] + [tape peel, rain on camera glass, glove left behind, mud streak on shin] + [overcast flat grey, no drama] + [lens distortion at frame edge, barrel bend] + no one looking at camera, no posing, no logos on footwear, documentary photograph not advertising",flat observation,the notebook page is denser in december.,no,,short days; kitchen and prep density up; year-end training logs,
2026-12-29,Tuesday,53,December,tue,Camera B,,4:5,SILVER,CREW,OPERATOR,BETWEEN ROUNDS,Between heats with the same thermos.,"[Camera B 4:5, still photographer, sibling feel BETWEEN ROUNDS] + [SILVER] + [35mm or 50mm, shallow mid depth, desaturated cool silver grade] + [small crew around operator, talking low, shared thermos] + [utility pants, black base layer, tape on one finger] + [bench between heats] + [spare jacket heap, race belt on chair, team bag unzipped, shared thermos] + [cool silver ambient, fluorescent or overcast] + [negative space uneven, subject off-third] + no one looking at camera, no posing, no logos on footwear, documentary photograph not advertising",crew,"van doors open, jackets in a heap.",no,,short days; kitchen and prep density up; year-end training logs,
2026-12-31,Thursday,53,December,thu,Camera B,,4:5,SILVER,SWEAT,OPERATOR,BOXER CROP,"Interval residue: wet floor, unfinished set.","[Camera A SELF 4:5, phone documentary] + [AVAILABLE] + [phone wide ~24mm equivalent, deep focus, HDR processing, edge distortion, over-sharpening; HDR, lens distortion, over-sharpening, slight tilt] + [operator mid-interval, breathing hard, unfinished rep] + [utility pants, black base layer, tape on one finger] + [indoor track lanes 3-4] + [water bottle on side, chalk block cracked, towel knotted, HR strap dangling] + [mixed available light, practical lamps, window spill] + [thumb partially in frame, handed camera shake] + no one looking at camera, no posing, no logos on footwear, documentary photograph not advertising",flat observation,tape peel left on the bench.,no,,short days; kitchen and prep density up; year-end training logs,
2027-01-01,Friday,53,January,fri,Camera A,,landscape_kitchen,AVAILABLE,KITCHEN,FIGHTER,COUNTER,Steam and lists; kitchen as base camp.,"[Camera A landscape landscape_kitchen, phone documentary] + [AVAILABLE] + [phone wide ~24mm equivalent, deep focus, HDR processing, edge distortion, over-sharpening; HDR, lens distortion, over-sharpening, slight tilt] + [fighter plating plain food, kettle steam, no smile] + [cut-sleeve hoodie, hand-wrap residue, scuffed Nike Metcons] + [shared training house counter] + [shopping list magnet, protein scoop in sink, rice cooker lid ajar, cut lemon half] + [mixed available light, practical lamps, window spill] + [subject cropped mid-torso awkwardly] + no one looking at camera, no posing, no logos on footwear, documentary photograph not advertising",kitchen,"kettle first, then the list.",no,,cold base; Hyrox residency atmosphere Manchester Amsterdam Hong Kong Osaka; IBJJF Europeans mood,
2027-01-02,Saturday,53,January,sat,Camera A,SELF,9:16,AVAILABLE,PREP,FIGHTER,FUEL LAY,"Bag open, day not started yet.","[Camera A SELF 9:16, phone documentary] + [AVAILABLE] + [phone wide ~24mm equivalent, deep focus, HDR processing, edge distortion, over-sharpening; HDR, lens distortion, over-sharpening, slight tilt] + [fighter packing bag, checking straps, quiet focus] + [cut-sleeve hoodie, hand-wrap residue, scuffed Nike Metcons] + [car boot before session] + [shoes untied, bib number loose, gel wrappers crumpled, belt coiled] + [mixed available light, practical lamps, window spill] + [oversharpened fabric texture, phone processing artifacts] + no one looking at camera, no posing, no logos on footwear, documentary photograph not advertising",log,mat rounds counted. hands taped again.,no,,cold base; Hyrox residency atmosphere Manchester Amsterdam Hong Kong Osaka; IBJJF Europeans mood,
2027-01-04,Monday,1,January,mon,Camera A,POV,1:1,AVAILABLE,PREP,GRAPPLER,FUEL LAY,Quiet assembly before leaving the flat.,"[Camera A POV 1:1, phone documentary] + [GOLD HOUR] + [phone wide ~24mm equivalent, deep focus, HDR processing, edge distortion, over-sharpening; HDR, lens distortion, over-sharpening, slight tilt] + [grappler packing bag, checking straps, quiet focus] + [damp gi pants half-on, rashguard rolled, chalk on knuckles] + [bag dump on hallway floor] + [bib number loose, shoes untied, belt coiled, gel wrappers crumpled] + [low warm sun, long shadows, rare probation use] + [thumb partially in frame, handed camera shake] + no one looking at camera, no posing, no logos on footwear, documentary photograph not advertising",log,hyrox floor somewhere. same sled feel here.,no,,cold base; Hyrox residency atmosphere Manchester Amsterdam Hong Kong Osaka; IBJJF Europeans mood,
2027-01-05,Tuesday,1,January,tue,Camera A,POV,1:1,AVAILABLE,PROOF,ENGINE,BOXER CROP,Quiet evidence of the week written down.,"[Camera B 1:1, still photographer, sibling feel BOXER CROP] + [GOLD HOUR] + [50mm, warm low sun skim, gentle falloff] + [engine logging numbers, head down, pen moving] + [plain grey tee dark with sweat, compression tights, cheap watch] + [whiteboard half-erased] + [torn race bib edge, old pace printout, pen uncapped, coffee ring stain] + [low warm sun, long shadows, rare probation use] + [flare streak cutting face out of frame] + no one looking at camera, no posing, no logos on footwear, documentary photograph not advertising",log,hyrox floor somewhere. same sled feel here.,no,,cold base; Hyrox residency atmosphere Manchester Amsterdam Hong Kong Osaka; IBJJF Europeans mood,
2027-01-07,Thursday,1,January,thu,Camera B,,3:2,SILVER,CREW,MILER,BETWEEN ROUNDS,"Crew as proximity, not campaign.","[Camera B 3:2, still photographer, sibling feel BETWEEN ROUNDS] + [SILVER] + [35mm or 50mm, shallow mid depth, desaturated cool silver grade] + [small crew around miler, talking low, shared thermos] + [faded Asics singlet, chalk-dusted shorts, mismatched socks] + [parking lot after double] + [shared thermos, spare jacket heap, team bag unzipped, race belt on chair] + [cool silver ambient, fluorescent or overcast] + [motion blur on trailing limb] + no one looking at camera, no posing, no logos on footwear, documentary photograph not advertising",crew,"shared bench, shared tape, shared silence.",no,,cold base; Hyrox residency atmosphere Manchester Amsterdam Hong Kong Osaka; IBJJF Europeans mood,
2027-01-08,Friday,1,January,fri,Camera B,,1:1,SILVER,SWEAT,ROULEUR,BETWEEN ROUNDS,"Interval residue: wet floor, unfinished set.","[Camera B 1:1, still photographer, sibling feel BETWEEN ROUNDS] + [SILVER] + [35mm or 50mm, shallow mid depth, desaturated cool silver grade] + [rouleur mid-interval, breathing hard, unfinished rep] + [worn Rapha jersey under open gilet, grease-marked gloves] + [indoor track lanes 3-4] + [HR strap dangling, water bottle on side, chalk block cracked, towel knotted] + [cool silver ambient, fluorescent or overcast] + [negative space uneven, subject off-third] + no one looking at camera, no posing, no logos on footwear, documentary photograph not advertising",flat observation,the floor stays wet longer than it should.,no,,cold base; Hyrox residency atmosphere Manchester Amsterdam Hong Kong Osaka; IBJJF Europeans mood,
2027-01-09,Saturday,1,January,sat,Camera B,,1:1,SILVER,PREP,ROULEUR,BOXER CROP,"Bag open, day not started yet.","[Camera B 1:1, still photographer, sibling feel BOXER CROP] + [SILVER] + [35mm or 50mm, shallow mid depth, desaturated cool silver grade] + [rouleur packing bag, checking straps, quiet focus] + [worn Rapha jersey under open gilet, grease-marked gloves] + [car boot before session] + [gel wrappers crumpled, belt coiled, bib number loose, shoes untied] + [cool silver ambient, fluorescent or overcast] + [negative space uneven, subject off-third] + no one looking at camera, no posing, no logos on footwear, documentary photograph not advertising",log,numbers written. bag still open.,no,,cold base; Hyrox residency atmosphere Manchester Amsterdam Hong Kong Osaka; IBJJF Europeans mood,
2027-01-11,Monday,2,January,mon,Camera B,,1:1,SILVER,SWEAT,MILER,BOXER CROP,Heat still in the room after the last pull.,"[Camera A HANDED 1:1, phone documentary] + [FLAT GREY] + [phone wide ~24mm equivalent, deep focus, HDR processing, edge distortion, over-sharpening; HDR, lens distortion, over-sharpening, slight tilt] + [miler mid-interval, breathing hard, unfinished rep] + [faded Asics singlet, chalk-dusted shorts, mismatched socks] + [mat room after open mat] + [water bottle on side, HR strap dangling, towel knotted, chalk block cracked] + [overcast flat grey, no drama] + [oversharpened fabric texture, phone processing artifacts] + no one looking at camera, no posing, no logos on footwear, documentary photograph not advertising",flat observation,metal bars bite colder in january.,no,,cold base; Hyrox residency atmosphere Manchester Amsterdam Hong Kong Osaka; IBJJF Europeans mood,
2027-01-12,Tuesday,2,January,tue,Camera B,,1:1,GEL,KITCHEN,ENGINE,COAST,"Fuel as routine, not content cuisine.","[Camera B 1:1, still photographer, sibling feel COAST] + [GEL] + [50mm, soft gel colour wash, shallow subject isolation] + [engine plating plain food, kettle steam, no smile] + [plain grey tee dark with sweat, compression tights, cheap watch] + [small Zurich flat kitchen] + [shopping list magnet, cut lemon half, protein scoop in sink, rice cooker lid ajar] + [soft coloured gel spill from side, subdued] + [flare streak cutting face out of frame] + no one looking at camera, no posing, no logos on footwear, documentary photograph not advertising",kitchen,evening plate after volume.,no,,cold base; Hyrox residency atmosphere Manchester Amsterdam Hong Kong Osaka; IBJJF Europeans mood,
2027-01-14,Thursday,2,January,thu,Camera A,POV,4:5,AVAILABLE,PROOF,OPERATOR,NOTEBOOK,Numbers before narrative; log first.,"[Camera A POV 4:5, phone documentary] + [SILVER] + [phone wide ~24mm equivalent, deep focus, HDR processing, edge distortion, over-sharpening; HDR, lens distortion, over-sharpening, slight tilt] + [operator logging numbers, head down, pen moving] + [utility pants, black base layer, tape on one finger] + [whiteboard half-erased] + [old pace printout, pen uncapped, coffee ring stain, torn race bib edge] + [cool silver ambient, fluorescent or overcast] + [HDR haloing on window edges] + no one looking at camera, no posing, no logos on footwear, documentary photograph not advertising",log,hyrox floor somewhere. same sled feel here.,no,,cold base; Hyrox residency atmosphere Manchester Amsterdam Hong Kong Osaka; IBJJF Europeans mood,
2027-01-15,Friday,2,January,fri,Camera B,,2.39:1,SILVER,SWEAT,ROULEUR,BETWEEN ROUNDS,Heat still in the room after the last pull.,"[Camera B 2.39:1, still photographer, sibling feel BETWEEN ROUNDS] + [SILVER] + [35mm or 50mm, shallow mid depth, desaturated cool silver grade] + [rouleur mid-interval, breathing hard, unfinished rep] + [worn Rapha jersey under open gilet, grease-marked gloves] + [Hyrox bay temporary floor] + [water bottle on side, chalk block cracked, towel knotted, HR strap dangling] + [cool silver ambient, fluorescent or overcast] + [motion blur on trailing limb] + no one looking at camera, no posing, no logos on footwear, documentary photograph not advertising",flat observation,metal bars bite colder in january.,no,,cold base; Hyrox residency atmosphere Manchester Amsterdam Hong Kong Osaka; IBJJF Europeans mood,
2027-01-16,Saturday,2,January,sat,Camera B,,1:1,SILVER,SMEAR,ENGINE,RED SMEAR,"Red chalk and rain as texture, not drama.","[Camera B 1:1, still photographer, sibling feel RED SMEAR] + [SILVER] + [35mm or 50mm, shallow mid depth, desaturated cool silver grade] + [engine moving through wet or chalked space, smear in foreground] + [plain grey tee dark with sweat, compression tights, cheap watch] + [wet pavement under sodium lamp] + [tape peel, rain on camera glass, glove left behind, mud streak on shin] + [cool silver ambient, fluorescent or overcast] + [negative space uneven, subject off-third] + no one looking at camera, no posing, no logos on footwear, documentary photograph not advertising",flat observation,steam from the kettle lasts longer.,no,,cold base; Hyrox residency atmosphere Manchester Amsterdam Hong Kong Osaka; IBJJF Europeans mood,texture priority over face
2027-01-18,Monday,3,January,mon,Camera A,HANDED,4:5,AVAILABLE,CREW,ENGINE,WRAP,Between heats with the same thermos.,"[Camera A HANDED 4:5, phone documentary] + [SILVER] + [phone wide ~24mm equivalent, deep focus, HDR processing, edge distortion, over-sharpening; HDR, lens distortion, over-sharpening, slight tilt] + [small crew around engine, talking low, shared thermos] + [plain grey tee dark with sweat, compression tights, cheap watch] + [parking lot after double] + [race belt on chair, team bag unzipped, spare jacket heap, shared thermos] + [cool silver ambient, fluorescent or overcast] + [slight dutch tilt, horizon not level] + no one looking at camera, no posing, no logos on footwear, documentary photograph not advertising",crew,"between heats, jackets on, nothing said.",no,,cold base; Hyrox residency atmosphere Manchester Amsterdam Hong Kong Osaka; IBJJF Europeans mood,
2027-01-19,Tuesday,3,January,tue,Camera A,POV,9:16,AVAILABLE,SMEAR,OPERATOR,MIRROR,A smear that proves the session happened.,"[Camera A POV 9:16, phone documentary] + [AVAILABLE] + [phone wide ~24mm equivalent, deep focus, HDR processing, edge distortion, over-sharpening; HDR, lens distortion, over-sharpening, slight tilt] + [operator moving through wet or chalked space, smear in foreground] + [utility pants, black base layer, tape on one finger] + [wet pavement under sodium lamp] + [rain on camera glass, tape peel, glove left behind, mud streak on shin] + [mixed available light, practical lamps, window spill] + [lens distortion at frame edge, barrel bend] + no one looking at camera, no posing, no logos on footwear, documentary photograph not advertising",flat observation,metal bars bite colder in january.,no,,cold base; Hyrox residency atmosphere Manchester Amsterdam Hong Kong Osaka; IBJJF Europeans mood,texture priority over face
2027-01-21,Thursday,3,January,thu,Screen,,screen,AVAILABLE,PROOF,FIGHTER,NOTEBOOK,Numbers before narrative; log first.,"[Screen screen] + [FLAT GREY] + [UI close, phone screen in hand or on counter] + [fighter training log or map visible, thumb edge] + [plain sleeve cuff] + [kitchen or gym bench] + [pen, coffee ring, charging cable, notebook corner] + [overcast flat grey, no drama] + [screen glare, fingerprint smudge] + no one looking at camera, no posing, no logos on footwear, documentary photograph not advertising",log,mat rounds counted. hands taped again.,no,,cold base; Hyrox residency atmosphere Manchester Amsterdam Hong Kong Osaka; IBJJF Europeans mood,story candidate; UI mock from real log
2027-01-22,Friday,3,January,fri,Camera B,,2.39:1,SILVER,GYM,ENGINE,GRAPPLE,The corner of the gym that keeps the hours.,"[Camera B 2.39:1, still photographer, sibling feel GRAPPLE] + [SILVER] + [35mm or 50mm, shallow mid depth, desaturated cool silver grade] + [engine between sets, hands on knees, empty bay] + [plain grey tee dark with sweat, compression tights, cheap watch] + [rings and chalk bucket] + [wrist wraps draped, timer blinking, bumper plate on edge, jump rope coiled wrong] + [cool silver ambient, fluorescent or overcast] + [negative space uneven, subject off-third] + no one looking at camera, no posing, no logos on footwear, documentary photograph not advertising",place,"dark street, headlamp cone only.",no,,cold base; Hyrox residency atmosphere Manchester Amsterdam Hong Kong Osaka; IBJJF Europeans mood,
2027-01-23,Saturday,3,January,sat,Camera A,HANDED,9:16,AVAILABLE,PROOF,GRAPPLER,NOTEBOOK,Quiet evidence of the week written down.,"[Camera A HANDED 9:16, phone documentary] + [AVAILABLE] + [phone wide ~24mm equivalent, deep focus, HDR processing, edge distortion, over-sharpening; HDR, lens distortion, over-sharpening, slight tilt] + [grappler logging numbers, head down, pen moving] + [damp gi pants half-on, rashguard rolled, chalk on knuckles] + [whiteboard half-erased] + [coffee ring stain, pen uncapped, torn race bib edge, old pace printout] + [mixed available light, practical lamps, window spill] + [subject cropped mid-torso awkwardly] + no one looking at camera, no posing, no logos on footwear, documentary photograph not advertising",log,hyrox floor somewhere. same sled feel here.,no,,cold base; Hyrox residency atmosphere Manchester Amsterdam Hong Kong Osaka; IBJJF Europeans mood,
2027-01-25,Monday,4,January,mon,Screen,,screen,AVAILABLE,PREP,MILER,NOTEBOOK,Kit check in a hallway that is not photogenic.,"[Screen screen] + [FLAT GREY] + [UI close, phone screen in hand or on counter] + [miler training log or map visible, thumb edge] + [plain sleeve cuff] + [kitchen or gym bench] + [pen, coffee ring, charging cable, notebook corner] + [overcast flat grey, no drama] + [screen glare, fingerprint smudge] + no one looking at camera, no posing, no logos on footwear, documentary photograph not advertising",log,cold base week one. simple numbers.,no,,cold base; Hyrox residency atmosphere Manchester Amsterdam Hong Kong Osaka; IBJJF Europeans mood,story candidate; UI mock from real log
2027-01-26,Tuesday,4,January,tue,Camera A,POV,9:16,AVAILABLE,GYM,FIGHTER,STAIRWELL,Hardware and chalk without a PR face.,"[Camera A POV 9:16, phone documentary] + [AVAILABLE] + [phone wide ~24mm equivalent, deep focus, HDR processing, edge distortion, over-sharpening; HDR, lens distortion, over-sharpening, slight tilt] + [fighter between sets, hands on knees, empty bay] + [cut-sleeve hoodie, hand-wrap residue, scuffed Nike Metcons] + [sled lane after last pull] + [timer blinking, wrist wraps draped, bumper plate on edge, jump rope coiled wrong] + [mixed available light, practical lamps, window spill] + [HDR haloing on window edges] + no one looking at camera, no posing, no logos on footwear, documentary photograph not advertising",place,"dark street, headlamp cone only.",no,,cold base; Hyrox residency atmosphere Manchester Amsterdam Hong Kong Osaka; IBJJF Europeans mood,
2027-01-28,Thursday,4,January,thu,Camera A,POV,4:5,AVAILABLE,PROOF,FIGHTER,BOXER CROP,Paper and screen as training memory.,"[Camera B 2.39:1, still photographer, sibling feel BOXER CROP] + [SILVER] + [35mm or 50mm, shallow mid depth, desaturated cool silver grade] + [fighter logging numbers, head down, pen moving] + [cut-sleeve hoodie, hand-wrap residue, scuffed Nike Metcons] + [whiteboard half-erased] + [coffee ring stain, torn race bib edge, pen uncapped, old pace printout] + [cool silver ambient, fluorescent or overcast] + [flare streak cutting face out of frame] + no one looking at camera, no posing, no logos on footwear, documentary photograph not advertising",log,numbers written. bag still open.,no,,cold base; Hyrox residency atmosphere Manchester Amsterdam Hong Kong Osaka; IBJJF Europeans mood,
2027-01-29,Friday,4,January,fri,Camera B,,4:5,FLAT GREY,HEIGHTENED,ROULEUR,WET STREET,Rare height or space without spectacle.,"[Camera B 4:5, still photographer, sibling feel WET STREET] + [FLAT GREY] + [35mm, flat even grey ambient, low contrast depth] + [rouleur paused on landing, city below soft, breath visible] + [worn Rapha jersey under open gilet, grease-marked gloves] + [empty arena tunnel] + [distant tram light, fog on railing, breath vapour, loose lace] + [overcast flat grey, no drama] + [negative space uneven, subject off-third] + no one looking at camera, no posing, no logos on footwear, documentary photograph not advertising",place,"basement gym, zurich. same smell as always.",no,,cold base; Hyrox residency atmosphere Manchester Amsterdam Hong Kong Osaka; IBJJF Europeans mood,rare height; keep non-spectacle
2027-01-30,Saturday,4,January,sat,Camera B,,4:5,SILVER,KITCHEN,OPERATOR,COAST,"Fuel as routine, not content cuisine.","[Camera B 4:5, still photographer, sibling feel COAST] + [SILVER] + [35mm or 50mm, shallow mid depth, desaturated cool silver grade] + [operator plating plain food, kettle steam, no smile] + [utility pants, black base layer, tape on one finger] + [hotel kitchenette before race] + [protein scoop in sink, shopping list magnet, cut lemon half, rice cooker lid ajar] + [cool silver ambient, fluorescent or overcast] + [depth falloff too abrupt mid-body] + no one looking at camera, no posing, no logos on footwear, documentary photograph not advertising",kitchen,evening plate after volume.,no,,cold base; Hyrox residency atmosphere Manchester Amsterdam Hong Kong Osaka; IBJJF Europeans mood,
2027-02-01,Monday,5,February,mon,Camera B,,3:2,SILVER,GYM,ENGINE,GRAPPLE,The corner of the gym that keeps the hours.,"[Camera B 3:2, still photographer, sibling feel GRAPPLE] + [SILVER] + [35mm or 50mm, shallow mid depth, desaturated cool silver grade] + [engine between sets, hands on knees, empty bay] + [plain grey tee dark with sweat, compression tights, cheap watch] + [rings and chalk bucket] + [bumper plate on edge, timer blinking, wrist wraps draped, jump rope coiled wrong] + [cool silver ambient, fluorescent or overcast] + [depth falloff too abrupt mid-body] + no one looking at camera, no posing, no logos on footwear, documentary photograph not advertising",place,wet coastal road under flat grey.,no,,mid-winter grind; Hyrox Basel Katowice Vienna mood,
2027-02-02,Tuesday,5,February,tue,Camera B,,1:1,SEAMLESS,OBJECT,ROULEUR,COUNTER,"Product as still object on seamless, lifestyle world elsewhere.","[Camera A HANDED 1:1, phone documentary] + [SEAMLESS] + [phone wide ~24mm equivalent, deep focus, HDR processing, edge distortion, over-sharpening; HDR, lens distortion, over-sharpening, slight tilt] + [product vial alone on seamless, no hands, no face] + [worn Rapha jersey under open gilet, grease-marked gloves] + [matte grey product surface] + [glass glint, label edge soft focus, cotton swab nearby, vial reflection soft] + [soft north window, even seamless fill] + [subject cropped mid-torso awkwardly] + no one looking at camera, no posing, no logos on footwear, product as quiet object subject, documentary photograph not advertising",flat observation,"seamless, no hands.",yes,MOTS-C+,mid-winter grind; Hyrox Basel Katowice Vienna mood,composite vial after; Magnific board; never generate vial
2027-02-04,Thursday,5,February,thu,Camera B,,2.39:1,SILVER,PREP,FIGHTER,BOXER CROP,Quiet assembly before leaving the flat.,"[Camera B 2.39:1, still photographer, sibling feel BOXER CROP] + [SILVER] + [35mm or 50mm, shallow mid depth, desaturated cool silver grade] + [fighter packing bag, checking straps, quiet focus] + [cut-sleeve hoodie, hand-wrap residue, scuffed Nike Metcons] + [bag dump on hallway floor] + [belt coiled, gel wrappers crumpled, bib number loose, shoes untied] + [cool silver ambient, fluorescent or overcast] + [flare streak cutting face out of frame] + no one looking at camera, no posing, no logos on footwear, documentary photograph not advertising",log,intervals done. floor still wet.,no,,mid-winter grind; Hyrox Basel Katowice Vienna mood,
2027-02-05,Friday,5,February,fri,Camera B,,3:2,SILVER,CREW,ROULEUR,BETWEEN ROUNDS,"Crew as proximity, not campaign.","[Camera B 3:2, still photographer, sibling feel BETWEEN ROUNDS] + [SILVER] + [35mm or 50mm, shallow mid depth, desaturated cool silver grade] + [small crew around rouleur, talking low, shared thermos] + [worn Rapha jersey under open gilet, grease-marked gloves] + [corridor outside mats] + [race belt on chair, spare jacket heap, shared thermos, team bag unzipped] + [cool silver ambient, fluorescent or overcast] + [depth falloff too abrupt mid-body] + no one looking at camera, no posing, no logos on footwear, documentary photograph not advertising",crew,"van heater on, still cold.",no,,mid-winter grind; Hyrox Basel Katowice Vienna mood,
2027-02-06,Saturday,5,February,sat,Camera B,,1:1,SILVER,SWEAT,ROULEUR,BETWEEN ROUNDS,"Interval residue: wet floor, unfinished set.","[Camera B 1:1, still photographer, sibling feel BETWEEN ROUNDS] + [SILVER] + [35mm or 50mm, shallow mid depth, desaturated cool silver grade] + [rouleur mid-interval, breathing hard, unfinished rep] + [worn Rapha jersey under open gilet, grease-marked gloves] + [basement gym Zurich] + [HR strap dangling, towel knotted, water bottle on side, chalk block cracked] + [cool silver ambient, fluorescent or overcast] + [focus soft on nearest plane] + no one looking at camera, no posing, no logos on footwear, documentary photograph not advertising",flat observation,gloves take longer to dry.,no,,mid-winter grind; Hyrox Basel Katowice Vienna mood,
2027-02-08,Monday,6,February,mon,Camera A,,landscape_kitchen,AVAILABLE,KITCHEN,ROULEUR,COUNTER,Steam and lists; kitchen as base camp.,"[Camera A landscape landscape_kitchen, phone documentary] + [AVAILABLE] + [phone wide ~24mm equivalent, deep focus, HDR processing, edge distortion, over-sharpening; HDR, lens distortion, over-sharpening, slight tilt] + [rouleur plating plain food, kettle steam, no smile] + [worn Rapha jersey under open gilet, grease-marked gloves] + [morning prep island] + [protein scoop in sink, rice cooker lid ajar, cut lemon half, shopping list magnet] + [mixed available light, practical lamps, window spill] + [subject cropped mid-torso awkwardly] + no one looking at camera, no posing, no logos on footwear, documentary photograph not advertising",kitchen,"winter fuel, no recipe talk.",no,,mid-winter grind; Hyrox Basel Katowice Vienna mood,
2027-02-09,Tuesday,6,February,tue,Camera A,HANDED,1:1,AVAILABLE,PROOF,FIGHTER,NOTEBOOK,Numbers before narrative; log first.,"[Camera A HANDED 1:1, phone documentary] + [AVAILABLE] + [phone wide ~24mm equivalent, deep focus, HDR processing, edge distortion, over-sharpening; HDR, lens distortion, over-sharpening, slight tilt] + [fighter logging numbers, head down, pen moving] + [cut-sleeve hoodie, hand-wrap residue, scuffed Nike Metcons] + [printed week plan taped to fridge] + [pen uncapped, old pace printout, coffee ring stain, torn race bib edge] + [mixed available light, practical lamps, window spill] + [subject cropped mid-torso awkwardly] + no one looking at camera, no posing, no logos on footwear, documentary photograph not advertising",log,intervals done. floor still wet.,no,,mid-winter grind; Hyrox Basel Katowice Vienna mood,
2027-02-11,Thursday,6,February,thu,Camera A,,landscape_kitchen,AVAILABLE,KITCHEN,ENGINE,COUNTER,"Fuel as routine, not content cuisine.","[Camera A landscape landscape_kitchen, phone documentary] + [AVAILABLE] + [phone wide ~24mm equivalent, deep focus, HDR processing, edge distortion, over-sharpening; HDR, lens distortion, over-sharpening, slight tilt] + [engine plating plain food, kettle steam, no smile] + [plain grey tee dark with sweat, compression tights, cheap watch] + [small Zurich flat kitchen] + [shopping list magnet, protein scoop in sink, cut lemon half, rice cooker lid ajar] + [mixed available light, practical lamps, window spill] + [lens distortion at frame edge, barrel bend] + no one looking at camera, no posing, no logos on footwear, documentary photograph not advertising",kitchen,sunday is just rice.,no,,mid-winter grind; Hyrox Basel Katowice Vienna mood,
2027-02-12,Friday,6,February,fri,Camera B,,2.39:1,SILVER,SMEAR,FIGHTER,RED SMEAR,"Red chalk and rain as texture, not drama.","[Camera B 2.39:1, still photographer, sibling feel RED SMEAR] + [SILVER] + [35mm or 50mm, shallow mid depth, desaturated cool silver grade] + [fighter moving through wet or chalked space, smear in foreground] + [cut-sleeve hoodie, hand-wrap residue, scuffed Nike Metcons] + [window rain streaks] + [glove left behind, tape peel, mud streak on shin, rain on camera glass] + [cool silver ambient, fluorescent or overcast] + [focus soft on nearest plane] + no one looking at camera, no posing, no logos on footwear, documentary photograph not advertising",flat observation,mud on the cleat is just mud.,no,,mid-winter grind; Hyrox Basel Katowice Vienna mood,texture priority over face
2027-02-13,Saturday,6,February,sat,Camera A,SELF,1:1,FLAT GREY,ROAD,ENGINE,AISLE,"Longer autumn or winter roll, no podium.","[Camera A SELF 1:1, phone documentary] + [FLAT GREY] + [phone wide ~24mm equivalent, deep focus, HDR processing, edge distortion, over-sharpening; HDR, lens distortion, over-sharpening, slight tilt] + [engine climbing or rolling, gaze ahead, traffic blur] + [plain grey tee dark with sweat, compression tights, cheap watch] + [Albis wet climb] + [map print wet, muddy cleat scrape, flat tire mark, bidon in gutter] + [overcast flat grey, no drama] + [lens distortion at frame edge, barrel bend] + no one looking at camera, no posing, no logos on footwear, documentary photograph not advertising",place,wet coastal road under flat grey.,no,,mid-winter grind; Hyrox Basel Katowice Vienna mood,
2027-02-15,Monday,7,February,mon,Camera A,SELF,4:5,FLAT GREY,SMEAR,ROULEUR,MIRROR,"Red chalk and rain as texture, not drama.","[Camera A SELF 4:5, phone documentary] + [FLAT GREY] + [phone wide ~24mm equivalent, deep focus, HDR processing, edge distortion, over-sharpening; HDR, lens distortion, over-sharpening, slight tilt] + [rouleur moving through wet or chalked space, smear in foreground] + [worn Rapha jersey under open gilet, grease-marked gloves] + [window rain streaks] + [rain on camera glass, glove left behind, tape peel, mud streak on shin] + [overcast flat grey, no drama] + [subject cropped mid-torso awkwardly] + no one looking at camera, no posing, no logos on footwear, documentary photograph not advertising",flat observation,gloves take longer to dry.,no,,mid-winter grind; Hyrox Basel Katowice Vienna mood,texture priority over face
2027-02-16,Tuesday,7,February,tue,Camera A,POV,9:16,AVAILABLE,SMEAR,FIGHTER,MIRROR,Colour and weather left on the body and glass.,"[Camera A POV 9:16, phone documentary] + [AVAILABLE] + [phone wide ~24mm equivalent, deep focus, HDR processing, edge distortion, over-sharpening; HDR, lens distortion, over-sharpening, slight tilt] + [fighter moving through wet or chalked space, smear in foreground] + [cut-sleeve hoodie, hand-wrap residue, scuffed Nike Metcons] + [wet pavement under sodium lamp] + [tape peel, rain on camera glass, glove left behind, mud streak on shin] + [mixed available light, practical lamps, window spill] + [lens distortion at frame edge, barrel bend] + no one looking at camera, no posing, no logos on footwear, documentary photograph not advertising",flat observation,mud on the cleat is just mud.,no,,mid-winter grind; Hyrox Basel Katowice Vienna mood,texture priority over face
2027-02-18,Thursday,7,February,thu,Camera B,,3:2,SILVER,SWEAT,ROULEUR,BETWEEN ROUNDS,Heat still in the room after the last pull.,"[Camera B 3:2, still photographer, sibling feel BETWEEN ROUNDS] + [SILVER] + [35mm or 50mm, shallow mid depth, desaturated cool silver grade] + [rouleur mid-interval, breathing hard, unfinished rep] + [worn Rapha jersey under open gilet, grease-marked gloves] + [mat room after open mat] + [towel knotted, chalk block cracked, HR strap dangling, water bottle on side] + [cool silver ambient, fluorescent or overcast] + [depth falloff too abrupt mid-body] + no one looking at camera, no posing, no logos on footwear, documentary photograph not advertising",flat observation,salt marks on the mat entrance.,no,,mid-winter grind; Hyrox Basel Katowice Vienna mood,
2027-02-19,Friday,7,February,fri,Camera A,,landscape_kitchen,AVAILABLE,KITCHEN,FIGHTER,COUNTER,Steam and lists; kitchen as base camp.,"[Camera A landscape landscape_kitchen, phone documentary] + [AVAILABLE] + [phone wide ~24mm equivalent, deep focus, HDR processing, edge distortion, over-sharpening; HDR, lens distortion, over-sharpening, slight tilt] + [fighter plating plain food, kettle steam, no smile] + [cut-sleeve hoodie, hand-wrap residue, scuffed Nike Metcons] + [hotel kitchenette before race] + [cut lemon half, rice cooker lid ajar, protein scoop in sink, shopping list magnet] + [mixed available light, practical lamps, window spill] + [thumb partially in frame, handed camera shake] + no one looking at camera, no posing, no logos on footwear, documentary photograph not advertising",kitchen,sunday is just rice.,no,,mid-winter grind; Hyrox Basel Katowice Vienna mood,
2027-02-20,Saturday,7,February,sat,Camera A,HANDED,1:1,FLAT GREY,SMEAR,MILER,MIRROR,A smear that proves the session happened.,"[Camera A HANDED 1:1, phone documentary] + [FLAT GREY] + [phone wide ~24mm equivalent, deep focus, HDR processing, edge distortion, over-sharpening; HDR, lens distortion, over-sharpening, slight tilt] + [miler moving through wet or chalked space, smear in foreground] + [faded Asics singlet, chalk-dusted shorts, mismatched socks] + [wet pavement under sodium lamp] + [glove left behind, tape peel, mud streak on shin, rain on camera glass] + [overcast flat grey, no drama] + [lens distortion at frame edge, barrel bend] + no one looking at camera, no posing, no logos on footwear, documentary photograph not advertising",flat observation,gloves take longer to dry.,no,,mid-winter grind; Hyrox Basel Katowice Vienna mood,texture priority over face
2027-02-22,Monday,8,February,mon,Camera B,,2.39:1,SILVER,PREP,MILER,BOXER CROP,Quiet assembly before leaving the flat.,"[Camera B 2.39:1, still photographer, sibling feel BOXER CROP] + [AVAILABLE] + [35mm available light, natural depth] + [miler packing bag, checking straps, quiet focus] + [faded Asics singlet, chalk-dusted shorts, mismatched socks] + [gym locker bench] + [shoes untied, bib number loose, gel wrappers crumpled, belt coiled] + [mixed available light, practical lamps, window spill] + [focus soft on nearest plane] + no one looking at camera, no posing, no logos on footwear, documentary photograph not advertising",log,intervals done. floor still wet.,no,,mid-winter grind; Hyrox Basel Katowice Vienna mood,
2027-02-23,Tuesday,8,February,tue,Camera B,,2.39:1,SILVER,GYM,ENGINE,GRAPPLE,Hardware and chalk without a PR face.,"[Camera B 2.39:1, still photographer, sibling feel GRAPPLE] + [SILVER] + [35mm or 50mm, shallow mid depth, desaturated cool silver grade] + [engine between sets, hands on knees, empty bay] + [plain grey tee dark with sweat, compression tights, cheap watch] + [rower bay empty] + [timer blinking, wrist wraps draped, jump rope coiled wrong, bumper plate on edge] + [cool silver ambient, fluorescent or overcast] + [motion blur on trailing limb] + no one looking at camera, no posing, no logos on footwear, documentary photograph not advertising",place,wet coastal road under flat grey.,no,,mid-winter grind; Hyrox Basel Katowice Vienna mood,
2027-02-25,Thursday,8,February,thu,Camera B,,1:1,SILVER,SWEAT,GRAPPLER,BETWEEN ROUNDS,"Interval residue: wet floor, unfinished set.","[Camera B 1:1, still photographer, sibling feel BETWEEN ROUNDS] + [SILVER] + [35mm or 50mm, shallow mid depth, desaturated cool silver grade] + [grappler mid-interval, breathing hard, unfinished rep] + [damp gi pants half-on, rashguard rolled, chalk on knuckles] + [indoor track lanes 3-4] + [HR strap dangling, water bottle on side, towel knotted, chalk block cracked] + [cool silver ambient, fluorescent or overcast] + [depth falloff too abrupt mid-body] + no one looking at camera, no posing, no logos on footwear, documentary photograph not advertising",flat observation,mud on the cleat is just mud.,yes,BPC157+TB500,mid-winter grind; Hyrox Basel Katowice Vienna mood,product peripheral only; lifestyle-first
2027-02-26,Friday,8,February,fri,Camera A,HANDED,9:16,AVAILABLE,PREP,ENGINE,FUEL LAY,Quiet assembly before leaving the flat.,"[Camera A HANDED 9:16, phone documentary] + [AVAILABLE] + [phone wide ~24mm equivalent, deep focus, HDR processing, edge distortion, over-sharpening; HDR, lens distortion, over-sharpening, slight tilt] + [engine packing bag, checking straps, quiet focus] + [plain grey tee dark with sweat, compression tights, cheap watch] + [car boot before session] + [gel wrappers crumpled, shoes untied, bib number loose, belt coiled] + [mixed available light, practical lamps, window spill] + [lens distortion at frame edge, barrel bend] + no one looking at camera, no posing, no logos on footwear, documentary photograph not advertising",log,intervals done. floor still wet.,no,,mid-winter grind; Hyrox Basel Katowice Vienna mood,
2027-02-27,Saturday,8,February,sat,Camera B,,screen,SILVER,SWEAT,ROULEUR,BOXER CROP,"Interval residue: wet floor, unfinished set.","[Screen screen] + [FLAT GREY] + [UI close, phone screen in hand or on counter] + [rouleur training log or map visible, thumb edge] + [plain sleeve cuff] + [kitchen or gym bench] + [pen, coffee ring, charging cable, notebook corner] + [overcast flat grey, no drama] + [screen glare, fingerprint smudge] + no one looking at camera, no posing, no logos on footwear, documentary photograph not advertising",flat observation,salt marks on the mat entrance.,no,,mid-winter grind; Hyrox Basel Katowice Vienna mood,
2027-03-01,Monday,9,March,mon,Camera B,,9:16,SILVER,SWEAT,ROULEUR,BOXER CROP,"Interval residue: wet floor, unfinished set.","[Camera A HANDED 9:16, phone documentary] + [AVAILABLE] + [phone wide ~24mm equivalent, deep focus, HDR processing, edge distortion, over-sharpening; HDR, lens distortion, over-sharpening, slight tilt] + [rouleur mid-interval, breathing hard, unfinished rep] + [worn Rapha jersey under open gilet, grease-marked gloves] + [basement gym Zurich] + [chalk block cracked, towel knotted, HR strap dangling, water bottle on side] + [mixed available light, practical lamps, window spill] + [HDR haloing on window edges] + no one looking at camera, no posing, no logos on footwear, documentary photograph not advertising",flat observation,road grit thinner than february.,no,,Glasgow Hyrox window; spring edge returning; longer outdoor miles,
2027-03-02,Tuesday,9,March,tue,Screen,,screen,AVAILABLE,ROAD,GRAPPLER,NOTEBOOK,Climb or coast under flat light.,"[Screen screen] + [FLAT GREY] + [UI close, phone screen in hand or on counter] + [grappler training log or map visible, thumb edge] + [plain sleeve cuff] + [kitchen or gym bench] + [pen, coffee ring, charging cable, notebook corner] + [overcast flat grey, no drama] + [screen glare, fingerprint smudge] + no one looking at camera, no posing, no logos on footwear, documentary photograph not advertising",log,spring edge in the legs. still cold air.,no,,Glasgow Hyrox window; spring edge returning; longer outdoor miles,story candidate; UI mock from real log
2027-03-04,Thursday,9,March,thu,Camera B,,1:1,SILVER,SWEAT,MILER,BOXER CROP,Heat still in the room after the last pull.,"[Camera A HANDED 1:1, phone documentary] + [AVAILABLE] + [phone wide ~24mm equivalent, deep focus, HDR processing, edge distortion, over-sharpening; HDR, lens distortion, over-sharpening, slight tilt] + [miler mid-interval, breathing hard, unfinished rep] + [faded Asics singlet, chalk-dusted shorts, mismatched socks] + [mat room after open mat] + [towel knotted, water bottle on side, HR strap dangling, chalk block cracked] + [mixed available light, practical lamps, window spill] + [slight dutch tilt, horizon not level] + no one looking at camera, no posing, no logos on footwear, documentary photograph not advertising",flat observation,lighter at six again.,no,,Glasgow Hyrox window; spring edge returning; longer outdoor miles,
2027-03-05,Friday,9,March,fri,Camera A,HANDED,4:5,AVAILABLE,GYM,OPERATOR,STAIRWELL,Empty bay between sets; work unfinished.,"[Camera A HANDED 4:5, phone documentary] + [AVAILABLE] + [phone wide ~24mm equivalent, deep focus, HDR processing, edge distortion, over-sharpening; HDR, lens distortion, over-sharpening, slight tilt] + [operator between sets, hands on knees, empty bay] + [utility pants, black base layer, tape on one finger] + [sled lane after last pull] + [wrist wraps draped, timer blinking, jump rope coiled wrong, bumper plate on edge] + [mixed available light, practical lamps, window spill] + [thumb partially in frame, handed camera shake] + no one looking at camera, no posing, no logos on footwear, documentary photograph not advertising",place,wet climb off the albis. cars indifferent.,no,,Glasgow Hyrox window; spring edge returning; longer outdoor miles,
2027-03-06,Saturday,9,March,sat,Camera B,,3:2,SILVER,SWEAT,ROULEUR,BETWEEN ROUNDS,Heat still in the room after the last pull.,"[Camera B 3:2, still photographer, sibling feel BETWEEN ROUNDS] + [FLAT GREY] + [35mm, flat even grey ambient, low contrast depth] + [rouleur mid-interval, breathing hard, unfinished rep] + [worn Rapha jersey under open gilet, grease-marked gloves] + [indoor track lanes 3-4] + [chalk block cracked, HR strap dangling, water bottle on side, towel knotted] + [overcast flat grey, no drama] + [negative space uneven, subject off-third] + no one looking at camera, no posing, no logos on footwear, documentary photograph not advertising",flat observation,asphalt holds the day longer.,no,,Glasgow Hyrox window; spring edge returning; longer outdoor miles,
2027-03-08,Monday,10,March,mon,Camera A,SELF,4:5,AVAILABLE,HEIGHTENED,OPERATOR,STAIRWELL,Rare height or space without spectacle.,"[Camera A SELF 4:5, phone documentary] + [AVAILABLE] + [phone wide ~24mm equivalent, deep focus, HDR processing, edge distortion, over-sharpening; HDR, lens distortion, over-sharpening, slight tilt] + [operator paused on landing, city below soft, breath visible] + [utility pants, black base layer, tape on one finger] + [dawn overlook above city] + [fog on railing, breath vapour, distant tram light, loose lace] + [mixed available light, practical lamps, window spill] + [slight dutch tilt, horizon not level] + no one looking at camera, no posing, no logos on footwear, documentary photograph not advertising",place,glasgow week somewhere. same sled here.,no,,Glasgow Hyrox window; spring edge returning; longer outdoor miles,rare height; keep non-spectacle
2027-03-09,Tuesday,10,March,tue,Camera A,SELF,9:16,AVAILABLE,PROOF,MILER,NOTEBOOK,Numbers before narrative; log first.,"[Camera A SELF 9:16, phone documentary] + [AVAILABLE] + [phone wide ~24mm equivalent, deep focus, HDR processing, edge distortion, over-sharpening; HDR, lens distortion, over-sharpening, slight tilt] + [miler logging numbers, head down, pen moving] + [faded Asics singlet, chalk-dusted shorts, mismatched socks] + [kitchen counter with notebook] + [pen uncapped, coffee ring stain, old pace printout, torn race bib edge] + [mixed available light, practical lamps, window spill] + [HDR haloing on window edges] + no one looking at camera, no posing, no logos on footwear, documentary photograph not advertising",log,long ride in the book. legs quiet.,no,,Glasgow Hyrox window; spring edge returning; longer outdoor miles,
